VSLNumber_SampleID,Genus,Species,Genus_Species,X16S_ST
438_22,Acinetobacter,guillouiae,Acinetobacter_guillouiae,1
439_33,Acinetobacter,guillouiae,Acinetobacter_guillouiae,1
433_22,Acinetobacter,guillouiae,Acinetobacter_guillouiae,1
433_23,Acinetobacter,guillouiae,Acinetobacter_guillouiae,1
433_42,Acinetobacter,guillouiae,Acinetobacter_guillouiae,1
NA_P12-1,Acinetobacter,guillouiae,Acinetobacter_guillouiae,1
NA_P42-4,Acinetobacter,guillouiae,Acinetobacter_guillouiae,1
435_73,Acinetobacter,haemolyticus,Acinetobacter_haemolyticus,2
436_73,Acinetobacter,haemolyticus,Acinetobacter_haemolyticus,2
436_83-2,Acinetobacter,haemolyticus,Acinetobacter_haemolyticus,2
437_82-1,Acinetobacter,haemolyticus,Acinetobacter_haemolyticus,2
440_93-2,Acinetobacter,haemolyticus,Acinetobacter_haemolyticus,2
442_73-2,Acinetobacter,haemolyticus,Acinetobacter_haemolyticus,2
433_12,Acinetobacter,haemolyticus,Acinetobacter_haemolyticus,2
434_33,Acinetobacter,haemolyticus,Acinetobacter_haemolyticus,2
NA_P12-4,Acinetobacter,haemolyticus,Acinetobacter_haemolyticus,2
NA_P33-3,Acinetobacter,haemolyticus,Acinetobacter_haemolyticus,2
437_82-1,Limnohabitans,planktonicus,Limnohabitans_planktonicus,3
442_23-1,Limnohabitans,cf_planktonicus,Limnohabitans_cf_planktonicus,3
433_12,Limnohabitans,cf_planktonicus,Limnohabitans_cf_planktonicus,3
433_12,Comamonas,cf_koreensis,Comamonas_cf_koreensis,4
NA_P23-5,Comamonas,cf_koreensis,Comamonas_cf_koreensis,4
NA_P22-4,Comamonas,cf_koreensis,Comamonas_cf_koreensis,4
433_22,Citrobacter,farmeri,Citrobacter_farmeri,5
435_83-1,Pseudomonas,fulva_plecoglossicida_sl,Pseudomonas_fulva_plecoglossicida_sl,6
437_82-1,Pseudomonas,monteilii_oryzihabitans_vranovensis_sl,Pseudomonas_monteilii_oryzihabitans_vranovensis_sl,6
437_82-1,Pseudomonas,taiwanensis_fulva_plecoglossicida_sl,Pseudomonas_taiwanensis_fulva_plecoglossicida_sl,6
437_82-1,Pseudomonas,guariconensis_taiwanensis_fulva_parafulva_fulva_sl,Pseudomonas_guariconensis_taiwanensis_fulva_parafulva_fulva_sl,6
433_22,Pseudomonas,taiwanensis_fulva_plecoglossicida_sl,Pseudomonas_taiwanensis_fulva_plecoglossicida_sl,6
434_22,Pseudomonas,taiwanensis_fulva_plecoglossicida_sl,Pseudomonas_taiwanensis_fulva_plecoglossicida_sl,6
434_23,Aeromonas,jandaei_media_hydrophila_sl,Aeromonas_jandaei_media_hydrophila_sl,7
434_33,Pseudomonas,rhizosphaerae,Pseudomonas_rhizosphaerae,8
433_33-1,Pseudomonas,poae,Pseudomonas_poae,9
434_22-1,Pseudomonas,poae,Pseudomonas_poae,9
434_22-1,Pseudomonas,poae_lurida_sl,Pseudomonas_poae_lurida_sl,9
434_22-1,Pseudomonas,gessardii,Pseudomonas_gessardii,9
434_22-1,Pseudomonas,gessardii_proteolytica_poae_lurida_sl,Pseudomonas_gessardii_proteolytica_poae_lurida_sl,9
434_72,Pseudomonas,poae_lurida_sl,Pseudomonas_poae_lurida_sl,9
434_72,Pseudomonas,gessardii_proteolytica_poae_lurida_rhodesiae_sl,Pseudomonas_gessardii_proteolytica_poae_lurida_rhodesiae_sl,9
434_72-1,Pseudomonas,poae_lurida_sl,Pseudomonas_poae_lurida_sl,9
434_73,Pseudomonas,poae_lurida_sl,Pseudomonas_poae_lurida_sl,9
434_73-1,Pseudomonas,poae,Pseudomonas_poae,9
434_73-1,Pseudomonas,poae_lurida_sl,Pseudomonas_poae_lurida_sl,9
434_73,Pseudomonas,poae,Pseudomonas_poae,9
434_72,Pseudomonas,gessardii_proteolytica_poae_lurida_sl,Pseudomonas_gessardii_proteolytica_poae_lurida_sl,9
434_72,Pseudomonas,poae,Pseudomonas_poae,9
434_72-1,Pseudomonas,poae,Pseudomonas_poae,9
434_73-1,Pseudomonas,gessardii_proteolytica_poae_lurida_rhodesiae_sl,Pseudomonas_gessardii_proteolytica_poae_lurida_rhodesiae_sl,9
436_73-1,Pseudomonas,poae_lurida_sl,Pseudomonas_poae_lurida_sl,9
437_22-2,Pseudomonas,gessardii,Pseudomonas_gessardii,9
437_22-2,Pseudomonas,poae_lurida_sl,Pseudomonas_poae_lurida_sl,9
439_23-2,Pseudomonas,poae_lurida_sl,Pseudomonas_poae_lurida_sl,9
439_23-2,Pseudomonas,gessardii_proteolytica_poae_lurida_sl,Pseudomonas_gessardii_proteolytica_poae_lurida_sl,9
441_63,Pseudomonas,poae_lurida_sl,Pseudomonas_poae_lurida_sl,9
442_23,Pseudomonas,poae_lurida_sl,Pseudomonas_poae_lurida_sl,9
433_32,Pseudomonas,poae_lurida_sl,Pseudomonas_poae_lurida_sl,9
434_22,Pseudomonas,poae_lurida_sl,Pseudomonas_poae_lurida_sl,9
NA_P13-6,Pseudomonas,poae_lurida_sl,Pseudomonas_poae_lurida_sl,9
NA_P12-6,Pseudomonas,gessardii_proteolytica_poae_lurida_sl,Pseudomonas_gessardii_proteolytica_poae_lurida_sl,9
NA_P13-6,Pseudomonas,gessardii_proteolytica_poae_lurida_sl,Pseudomonas_gessardii_proteolytica_poae_lurida_sl,9
NA_P12-6,Pseudomonas,poae_lurida_sl,Pseudomonas_poae_lurida_sl,9
NA_P42-1,Pseudomonas,poae_lurida_sl,Pseudomonas_poae_lurida_sl,9
NA_P43-1,Pseudomonas,poae_lurida_sl,Pseudomonas_poae_lurida_sl,9
NA_P43-2,Pseudomonas,poae_lurida_sl,Pseudomonas_poae_lurida_sl,9
NA_P43-3,Pseudomonas,poae_lurida_sl,Pseudomonas_poae_lurida_sl,9
NA_P43-4,Pseudomonas,poae_lurida_sl,Pseudomonas_poae_lurida_sl,9
NA_P43-3,Pseudomonas,gessardii_proteolytica_poae_lurida_protegens_sl,Pseudomonas_gessardii_proteolytica_poae_lurida_protegens_sl,9
458_12-1,Pseudomonas,poae_lurida_sl,Pseudomonas_poae_lurida_sl,9
458_12-2,Pseudomonas,poae_lurida_sl,Pseudomonas_poae_lurida_sl,9
458_13,Pseudomonas,poae_lurida_sl,Pseudomonas_poae_lurida_sl,9
458_34-1,Pseudomonas,poae_lurida_sl,Pseudomonas_poae_lurida_sl,9
458_13-1,Pseudomonas,poae_lurida_sl,Pseudomonas_poae_lurida_sl,9
458_23-2,Pseudomonas,poae_lurida_sl,Pseudomonas_poae_lurida_sl,9
436_92,Pseudomonas,brassicacearum_migulae_corrugata_sl,Pseudomonas_brassicacearum_migulae_corrugata_sl,10
438_13,Pseudomonas,abietaniphila,Pseudomonas_abietaniphila,10
441_63-2,Pseudomonas,brassicacearum_migulae_sl,Pseudomonas_brassicacearum_migulae_sl,10
457_24,Pseudomonas,brassicacearum_migulae_sl,Pseudomonas_brassicacearum_migulae_sl,10
433_33-1,Pseudomonas,lundensis,Pseudomonas_lundensis,11
438_12,Pseudomonas,deceptionensis_lundensis_fragi_sl,Pseudomonas_deceptionensis_lundensis_fragi_sl,11
438_33,Pseudomonas,lundensis,Pseudomonas_lundensis,11
438_33,Pseudomonas,lundensis_taetrolens_sl,Pseudomonas_lundensis_taetrolens_sl,11
438_33,Pseudomonas,jessenii_taetrolens_sl,Pseudomonas_jessenii_taetrolens_sl,11
438_33,Pseudomonas,fragi,Pseudomonas_fragi,11
439_33-2,Pseudomonas,lundensis,Pseudomonas_lundensis,11
439_33-2,Pseudomonas,lundensis_deceptionensis_sl,Pseudomonas_lundensis_deceptionensis_sl,11
441_63,Pseudomonas,lundensis_fragi_sl,Pseudomonas_lundensis_fragi_sl,11
441_63,Pseudomonas,fragi,Pseudomonas_fragi,11
441_83-2,Pseudomonas,jessenii_umsongensis_sl,Pseudomonas_jessenii_umsongensis_sl,11
441_83-2,Pseudomonas,jessenii,Pseudomonas_jessenii,11
441_83-2,Pseudomonas,lundensis_taetrolens_sl,Pseudomonas_lundensis_taetrolens_sl,11
442_22,Pseudomonas,jessenii_umsongensis_sl,Pseudomonas_jessenii_umsongensis_sl,11
433_32,Pseudomonas,fragi,Pseudomonas_fragi,11
NA_P13-6,Pseudomonas,jessenii_umsongensis_sl,Pseudomonas_jessenii_umsongensis_sl,11
NA_P43-4,Pseudomonas,granadensis_helmanticensis_sl,Pseudomonas_granadensis_helmanticensis_sl,11
458_13,Pseudomonas,helmanticensis,Pseudomonas_helmanticensis,11
458_13-2,Pseudomonas,lundensis_helmanticensis_sl,Pseudomonas_lundensis_helmanticensis_sl,11
458_13-2,Pseudomonas,lundensis,Pseudomonas_lundensis,11
458_22-1,Pseudomonas,lundensis_helmanticensis_sl,Pseudomonas_lundensis_helmanticensis_sl,11
458_23-2,Pseudomonas,lundensis_helmanticensis_sl,Pseudomonas_lundensis_helmanticensis_sl,11
458_34-1,Pseudomonas,helmanticensis,Pseudomonas_helmanticensis,11
433_33-1,Pseudomonas,tolaasii,Pseudomonas_tolaasii,12
433_33-1,Pseudomonas,fragi,Pseudomonas_fragi,13
433_33-1,Pseudomonas,deceptionensis_fragi_sl,Pseudomonas_deceptionensis_fragi_sl,13
434_62-1,Pseudomonas,fragi,Pseudomonas_fragi,13
435_13-1,Pseudomonas,deceptionensis_fragi_sl,Pseudomonas_deceptionensis_fragi_sl,13
435_13-1,Pseudomonas,fragi,Pseudomonas_fragi,13
435_42-2,Pseudomonas,fragi,Pseudomonas_fragi,13
435_43-2,Pseudomonas,fragi,Pseudomonas_fragi,13
435_73-2,Pseudomonas,fragi,Pseudomonas_fragi,13
435_82-1,Pseudomonas,deceptionensis_fragi_sl,Pseudomonas_deceptionensis_fragi_sl,13
437_22-2,Pseudomonas,fragi,Pseudomonas_fragi,13
437_23-2,Pseudomonas,deceptionensis_fragi_sl,Pseudomonas_deceptionensis_fragi_sl,13
437_23-2,Pseudomonas,fragi,Pseudomonas_fragi,13
437_23-2,Pseudomonas,deceptionensis,Pseudomonas_deceptionensis,13
437_23,Pseudomonas,deceptionensis,Pseudomonas_deceptionensis,13
439_52-2,Pseudomonas,fragi,Pseudomonas_fragi,13
439_53-1,Pseudomonas,fragi,Pseudomonas_fragi,13
439_53-2,Pseudomonas,fragi,Pseudomonas_fragi,13
439_53-2,Pseudomonas,deceptionensis,Pseudomonas_deceptionensis,13
439_53-2,Pseudomonas,psychrophila,Pseudomonas_psychrophila,13
439_53-2,Pseudomonas,deceptionensis_fragi_sl,Pseudomonas_deceptionensis_fragi_sl,13
440_82,Pseudomonas,fragi,Pseudomonas_fragi,13
440_82,Pseudomonas,deceptionensis_fragi_sl,Pseudomonas_deceptionensis_fragi_sl,13
440_83-1,Pseudomonas,fragi,Pseudomonas_fragi,13
440_83-1,Pseudomonas,deceptionensis_fragi_sl,Pseudomonas_deceptionensis_fragi_sl,13
441_83-2,Pseudomonas,fragi,Pseudomonas_fragi,13
442_22-1,Pseudomonas,fragi,Pseudomonas_fragi,13
433_32,Pseudomonas,fragi,Pseudomonas_fragi,13
433_32,Pseudomonas,deceptionensis_fragi_sl,Pseudomonas_deceptionensis_fragi_sl,13
NA_P12-4,Pseudomonas,fragi,Pseudomonas_fragi,13
NA_P13-4,Pseudomonas,deceptionensis_fragi_sl,Pseudomonas_deceptionensis_fragi_sl,13
NA_P13-2,Pseudomonas,fragi,Pseudomonas_fragi,13
NA_P13-4,Pseudomonas,fragi,Pseudomonas_fragi,13
NA_P12-4,Pseudomonas,deceptionensis_fragi_sl,Pseudomonas_deceptionensis_fragi_sl,13
NA_P42-3,Pseudomonas,deceptionensis_fragi_sl,Pseudomonas_deceptionensis_fragi_sl,13
NA_P42-3,Pseudomonas,deceptionensis,Pseudomonas_deceptionensis,13
457_22-1,Pseudomonas,fragi,Pseudomonas_fragi,13
457_22-2,Pseudomonas,fragi,Pseudomonas_fragi,13
458_12-3,Pseudomonas,fragi,Pseudomonas_fragi,13
458_31,Pseudomonas,fragi,Pseudomonas_fragi,13
458_32,Pseudomonas,deceptionensis,Pseudomonas_deceptionensis,13
458_34,Pseudomonas,deceptionensis,Pseudomonas_deceptionensis,13
439_53-1,Pseudomonas,fragi,Pseudomonas_fragi,14
439_53-1,Pseudomonas,fragi_lundensis_sl,Pseudomonas_fragi_lundensis_sl,14
442_22,Pseudomonas,fragi,Pseudomonas_fragi,14
438_33-1,Pseudomonas,jessenii_umsongensis_sl,Pseudomonas_jessenii_umsongensis_sl,15
438_33-1,Pseudomonas,jessenii_mandelii_umsongensis_vancouverensis_kilonensis_sl,Pseudomonas_jessenii_mandelii_umsongensis_vancouverensis_kilonensis_sl,15
434_23-2,Pseudomonas,brenneri,Pseudomonas_brenneri,16
434_32-2,Pseudomonas,rhodesiae,Pseudomonas_rhodesiae,16
434_32-2,Pseudomonas,poae_lurida_rhodesiae_sl,Pseudomonas_poae_lurida_rhodesiae_sl,16
434_62-2,Pseudomonas,rhodesiae,Pseudomonas_rhodesiae,16
434_63,Pseudomonas,rhodesiae,Pseudomonas_rhodesiae,16
435_13-1,Pseudomonas,brenneri_orientalis_grimontii_poae_lurida_sl,Pseudomonas_brenneri_orientalis_grimontii_poae_lurida_sl,16
437_22-2,Pseudomonas,brenneri_orientalis_grimontii_rhodesiae_sl,Pseudomonas_brenneri_orientalis_grimontii_rhodesiae_sl,16
437_23-2,Pseudomonas,brenneri_orientalis_grimontii_rhodesiae_sl,Pseudomonas_brenneri_orientalis_grimontii_rhodesiae_sl,16
437_72,Pseudomonas,poae_lurida_sl,Pseudomonas_poae_lurida_sl,16
437_73-1,Pseudomonas,poae_lurida_sl,Pseudomonas_poae_lurida_sl,16
437_73-2,Pseudomonas,poae_lurida_sl,Pseudomonas_poae_lurida_sl,16
439_22-2,Pseudomonas,rhodesiae,Pseudomonas_rhodesiae,16
439_33-2,Pseudomonas,poae_lurida_sl,Pseudomonas_poae_lurida_sl,16
439_53-1,Pseudomonas,brenneri_orientalis_grimontii_rhodesiae_sl,Pseudomonas_brenneri_orientalis_grimontii_rhodesiae_sl,16
439_53-1,Pseudomonas,orientalis_brenneri_grimontii_rhodesiae_sl,Pseudomonas_orientalis_brenneri_grimontii_rhodesiae_sl,16
439_53-2,Pseudomonas,brenneri_orientalis_grimontii_rhodesiae_sl,Pseudomonas_brenneri_orientalis_grimontii_rhodesiae_sl,16
440_43-2,Pseudomonas,brenneri_orientalis_grimontii_rhodesiae_sl,Pseudomonas_brenneri_orientalis_grimontii_rhodesiae_sl,16
440_82,Pseudomonas,brenneri_orientalis_grimontii_rhodesiae_sl,Pseudomonas_brenneri_orientalis_grimontii_rhodesiae_sl,16
440_82-2,Pseudomonas,brenneri_orientalis_grimontii_rhodesiae_sl,Pseudomonas_brenneri_orientalis_grimontii_rhodesiae_sl,16
441_82-2,Pseudomonas,rhodesiae,Pseudomonas_rhodesiae,16
441_83-2,Pseudomonas,rhodesiae,Pseudomonas_rhodesiae,16
442_22-1,Pseudomonas,rhodesiae,Pseudomonas_rhodesiae,16
442_22-1,Pseudomonas,brenneri_orientalis_grimontii_rhodesiae_sl,Pseudomonas_brenneri_orientalis_grimontii_rhodesiae_sl,16
442_22-2,Pseudomonas,brenneri_orientalis_grimontii_rhodesiae_sl,Pseudomonas_brenneri_orientalis_grimontii_rhodesiae_sl,16
442_23-1,Pseudomonas,poae_lurida_sl,Pseudomonas_poae_lurida_sl,16
442_23-2,Pseudomonas,rhodesiae,Pseudomonas_rhodesiae,16
433_33,Pseudomonas,brenneri_orientalis_grimontii_rhodesiae_sl,Pseudomonas_brenneri_orientalis_grimontii_rhodesiae_sl,16
434_23,Pseudomonas,brenneri_orientalis_grimontii_rhodesiae_sl,Pseudomonas_brenneri_orientalis_grimontii_rhodesiae_sl,16
434_33,Pseudomonas,rhodesiae,Pseudomonas_rhodesiae,16
434_32,Pseudomonas,rhodesiae,Pseudomonas_rhodesiae,16
NA_P23-5,Pseudomonas,brenneri_orientalis_grimontii_rhodesiae_sl,Pseudomonas_brenneri_orientalis_grimontii_rhodesiae_sl,16
NA_P43-1,Pseudomonas,brenneri_orientalis_grimontii_rhodesiae_sl,Pseudomonas_brenneri_orientalis_grimontii_rhodesiae_sl,16
458_13-2,Pseudomonas,poae_lurida_sl,Pseudomonas_poae_lurida_sl,16
438_33,Lelliottia,amnigena,Lelliottia_amnigena,17
438_33,Kluyvera/Lelliottia,intermedia_amnigena_sl,Kluyvera/Lelliottia_intermedia_amnigena_sl,17
438_33-2,Lelliottia,amnigena,Lelliottia_amnigena,17
439_53-1,Lelliottia,amnigena,Lelliottia_amnigena,17
440_93-2,Lelliottia,amnigena,Lelliottia_amnigena,17
441_83-2,Lelliottia,amnigena,Lelliottia_amnigena,17
458_13-2,Lelliottia,amnigena,Lelliottia_amnigena,17
439_53-2,Raoultella,terrigena,Raoultella_terrigena,18
433_32,Raoultella,terrigena,Raoultella_terrigena,18
434_23-2,Janthinobacterium,lividum,Janthinobacterium_lividum,19
434_23-2,Pseudomonas,gessardii,Pseudomonas_gessardii,20
458_34,Pseudomonas,protegens,Pseudomonas_protegens,20
434_23-2,Pseudomonas,cedrina,Pseudomonas_cedrina,21
434_23,Pseudomonas,tolaasii_cedrina_koreensis_trivialis_chlororaphis_sl,Pseudomonas_tolaasii_cedrina_koreensis_trivialis_chlororaphis_sl,21
434_23-2,Pseudomonas,rhizosphaerae,Pseudomonas_rhizosphaerae,22
NA_P12-4,Pseudomonas,brassicacearum_tolaasii_migulae_rhizosphaerae_sl,Pseudomonas_brassicacearum_tolaasii_migulae_rhizosphaerae_sl,22
434_23-2,Pseudomonas,orientalis,Pseudomonas_orientalis,23
437_23-2,Pseudomonas,orientalis,Pseudomonas_orientalis,23
437_72-1,Pseudomonas,orientalis,Pseudomonas_orientalis,23
439_53-2,Pseudomonas,orientalis,Pseudomonas_orientalis,23
440_43-2,Pseudomonas,orientalis,Pseudomonas_orientalis,23
440_82,Pseudomonas,orientalis,Pseudomonas_orientalis,23
440_83-2,Pseudomonas,orientalis_trivialis_sl,Pseudomonas_orientalis_trivialis_sl,23
440_83-2,Pseudomonas,orientalis,Pseudomonas_orientalis,23
442_23-2,Pseudomonas,orientalis,Pseudomonas_orientalis,23
442_23-2,Pseudomonas,orientalis_trivialis_sl,Pseudomonas_orientalis_trivialis_sl,23
434_23,Pseudomonas,orientalis,Pseudomonas_orientalis,23
437_22,Pseudomonas,trivialis,Pseudomonas_trivialis,23
NA_P13-6,Pseudomonas,orientalis,Pseudomonas_orientalis,23
NA_P12-6,Pseudomonas,orientalis,Pseudomonas_orientalis,23
NA_P12-2,Pseudomonas,orientalis,Pseudomonas_orientalis,23
NA_P42-3,Pseudomonas,trivialis,Pseudomonas_trivialis,23
457_23-2,Pseudomonas,trivialis,Pseudomonas_trivialis,23
457_23-2,Pseudomonas,orientalis_trivialis_sl,Pseudomonas_orientalis_trivialis_sl,23
458_12-1,Pseudomonas,orientalis,Pseudomonas_orientalis,23
458_34-1,Pseudomonas,orientalis,Pseudomonas_orientalis,23
434_33-1,Pseudomonas,brassicacearum_migulae_sl,Pseudomonas_brassicacearum_migulae_sl,24
434_33-1,Pseudomonas,brassicacearum_migulae_corrugata_sl,Pseudomonas_brassicacearum_migulae_corrugata_sl,24
434_32,Pseudomonas,brassicacearum_migulae_sl,Pseudomonas_brassicacearum_migulae_sl,24
434_32,Pseudomonas,brassicacearum_migulae_proteolytica_sl,Pseudomonas_brassicacearum_migulae_proteolytica_sl,24
434_32,Pseudomonas,migulae_proteolytica_sl,Pseudomonas_migulae_proteolytica_sl,24
457_23,Psychrobacter,adeliensis_cryohalolentis_cibarius_urativorans_okhotskensis_sl,Psychrobacter_adeliensis_cryohalolentis_cibarius_urativorans_okhotskensis_sl,30
458_24,Psychrobacter,maritimus_vallis_sl,Psychrobacter_maritimus_vallis_sl,30
458_24,Psychrobacter,namhaensis_aquaticus_fozii_sl,Psychrobacter_namhaensis_aquaticus_fozii_sl,30
435_12-1,Pseudomonas,poae_lurida_sl,Pseudomonas_poae_lurida_sl,33
435_12-1,Pseudomonas,libanensis_poae_lurida_sl,Pseudomonas_libanensis_poae_lurida_sl,33
435_13-1,Pseudomonas,poae_lurida_sl,Pseudomonas_poae_lurida_sl,33
435_13-1,Pseudomonas,libanensis_poae_lurida_sl,Pseudomonas_libanensis_poae_lurida_sl,33
438_12-2,Pseudomonas,poae_lurida_sl,Pseudomonas_poae_lurida_sl,33
NA_P43-2,Pseudomonas,poae_lurida_sl,Pseudomonas_poae_lurida_sl,33
NA_P42-1,Pseudomonas,poae_lurida_sl,Pseudomonas_poae_lurida_sl,33
NA_P43-3,Pseudomonas,poae_lurida_sl,Pseudomonas_poae_lurida_sl,33
435_12-1,Kluyvera,cryocrescens,Kluyvera_cryocrescens,34
435_12-1,Citrobacter/Raoultella/Kluyvera,murliniae_braakii_ornithinolytica_ascorbata_sl,Citrobacter/Raoultella/Kluyvera_murliniae_braakii_ornithinolytica_ascorbata_sl,34
435_12-1,Pseudomonas,poae_lurida_sl,Pseudomonas_poae_lurida_sl,35
435_13-1,Hafnia,paralvei,Hafnia_paralvei,36
439_53-2,Hafnia,paralvei,Hafnia_paralvei,36
NA_P43-1,Hafnia,paralvei,Hafnia_paralvei,36
458_12-1,Hafnia,paralvei,Hafnia_paralvei,36
458_12-3,Hafnia,paralvei,Hafnia_paralvei,36
458_13-3,Hafnia,paralvei,Hafnia_paralvei,36
435_13-1,Hafnia,paralvei,Hafnia_paralvei,37
435_13-1,Hafnia,paralvei,Hafnia_paralvei,38
435_13-1,Pseudomonas,fragi,Pseudomonas_fragi,39
435_13-1,Hafnia,paralvei,Hafnia_paralvei,40
435_43-2,Stenotrophomonas,rhizophila,Stenotrophomonas_rhizophila,41
437_32-1,Stenotrophomonas,rhizophila,Stenotrophomonas_rhizophila,41
440_93-2,Stenotrophomonas,rhizophila,Stenotrophomonas_rhizophila,41
440_42,Stenotrophomonas,rhizophila,Stenotrophomonas_rhizophila,41
441_73-1,Stenotrophomonas,rhizophila,Stenotrophomonas_rhizophila,41
442_72,Stenotrophomonas,rhizophila,Stenotrophomonas_rhizophila,41
NA_P23-5,Stenotrophomonas,rhizophila,Stenotrophomonas_rhizophila,41
457_23-4,Stenotrophomonas,rhizophila,Stenotrophomonas_rhizophila,41
458_12-1,Stenotrophomonas,rhizophila,Stenotrophomonas_rhizophila,41
458_32,Stenotrophomonas,rhizophila,Stenotrophomonas_rhizophila,41
441_83-2,Janthinobacterium,lividum,Janthinobacterium_lividum,43
NA_P23-4,Citrobacter,gillenii,Citrobacter_gillenii,46
435_82,Shewanella,hafniensis,Shewanella_hafniensis,47
435_82,Buttiauxella,brennerae,Buttiauxella_brennerae,48
435_82,Buttiauxella,brennerae,Buttiauxella_brennerae,49
435_82,Buttiauxella,gaviniae_brennerae_sl,Buttiauxella_gaviniae_brennerae_sl,49
435_82,Pseudomonas,fulva_plecoglossicida_sl,Pseudomonas_fulva_plecoglossicida_sl,50
435_12-1,Pseudomonas,poae_lurida_sl,Pseudomonas_poae_lurida_sl,51
435_82-2,Pseudomonas,poae_lurida_sl,Pseudomonas_poae_lurida_sl,51
435_82-2,Pseudomonas,poae,Pseudomonas_poae,51
438_23-2,Pseudomonas,poae_lurida_sl,Pseudomonas_poae_lurida_sl,51
438_23-2,Pseudomonas,libanensis_poae_lurida_sl,Pseudomonas_libanensis_poae_lurida_sl,51
438_23-2,Pseudomonas,libanensis_poae_lurida_rhodesiae_sl,Pseudomonas_libanensis_poae_lurida_rhodesiae_sl,51
439_52-2,Pseudomonas,poae_lurida_sl,Pseudomonas_poae_lurida_sl,51
440_92-1,Pseudomonas,poae_lurida_sl,Pseudomonas_poae_lurida_sl,51
440_93-1,Pseudomonas,libanensis_poae_lurida_sl,Pseudomonas_libanensis_poae_lurida_sl,51
440_93-1,Pseudomonas,poae_lurida_sl,Pseudomonas_poae_lurida_sl,51
442_83,Pseudomonas,poae_lurida_sl,Pseudomonas_poae_lurida_sl,51
433_32,Pseudomonas,poae_lurida_sl,Pseudomonas_poae_lurida_sl,51
NA_P23-4,Pseudomonas,poae_lurida_sl,Pseudomonas_poae_lurida_sl,51
457_22-3,Pseudomonas,poae_lurida_sl,Pseudomonas_poae_lurida_sl,51
435_82-2,Pseudomonas,tolaasii,Pseudomonas_tolaasii,52
437_73-1,Pseudomonas,tolaasii,Pseudomonas_tolaasii,52
439_53-2,Pseudomonas,tolaasii_jessenii_umsongensis_sl,Pseudomonas_tolaasii_jessenii_umsongensis_sl,52
440_92-1,Pseudomonas,tolaasii,Pseudomonas_tolaasii,52
440_92-1,Pseudomonas,tolaasii_jessenii_umsongensis_sl,Pseudomonas_tolaasii_jessenii_umsongensis_sl,52
440_92-1,Pseudomonas,tolaasii_jessenii_sl,Pseudomonas_tolaasii_jessenii_sl,52
440_93-1,Pseudomonas,tolaasii,Pseudomonas_tolaasii,52
440_93-1,Pseudomonas,tolaasii_jessenii_umsongensis_sl,Pseudomonas_tolaasii_jessenii_umsongensis_sl,52
NA_P12-6,Pseudomonas,jessenii_umsongensis_sl,Pseudomonas_jessenii_umsongensis_sl,52
NA_P13-4,Pseudomonas,tolaasii_jessenii_umsongensis_sl,Pseudomonas_tolaasii_jessenii_umsongensis_sl,52
NA_P13-6,Pseudomonas,tolaasii_jessenii_umsongensis_sl,Pseudomonas_tolaasii_jessenii_umsongensis_sl,52
NA_P12-2,Pseudomonas,tolaasii_jessenii_umsongensis_sl,Pseudomonas_tolaasii_jessenii_umsongensis_sl,52
NA_P12-6,Pseudomonas,tolaasii,Pseudomonas_tolaasii,52
NA_P13-2,Pseudomonas,tolaasii_jessenii_umsongensis_sl,Pseudomonas_tolaasii_jessenii_umsongensis_sl,52
NA_P13-6,Pseudomonas,tolaasii,Pseudomonas_tolaasii,52
NA_P12-2,Pseudomonas,tolaasii,Pseudomonas_tolaasii,52
NA_P13-2,Pseudomonas,tolaasii,Pseudomonas_tolaasii,52
NA_P12-6,Pseudomonas,tolaasii_jessenii_umsongensis_sl,Pseudomonas_tolaasii_jessenii_umsongensis_sl,52
NA_P13-4,Pseudomonas,tolaasii,Pseudomonas_tolaasii,52
NA_P43-2,Pseudomonas,jessenii_umsongensis_sl,Pseudomonas_jessenii_umsongensis_sl,52
NA_P43-3,Pseudomonas,tolaasii,Pseudomonas_tolaasii,52
NA_P43-4,Pseudomonas,tolaasii_jessenii_umsongensis_sl,Pseudomonas_tolaasii_jessenii_umsongensis_sl,52
NA_P43-2,Pseudomonas,tolaasii,Pseudomonas_tolaasii,52
NA_P43-4,Pseudomonas,tolaasii,Pseudomonas_tolaasii,52
458_22-1,Pseudomonas,tolaasii,Pseudomonas_tolaasii,52
458_34-1,Pseudomonas,tolaasii,Pseudomonas_tolaasii,52
458_12-2,Pseudomonas,tolaasii,Pseudomonas_tolaasii,52
458_12-3,Pseudomonas,tolaasii_jessenii_umsongensis_sl,Pseudomonas_tolaasii_jessenii_umsongensis_sl,52
458_13-3,Pseudomonas,tolaasii,Pseudomonas_tolaasii,52
458_23-1,Pseudomonas,tolaasii_jessenii_umsongensis_sl,Pseudomonas_tolaasii_jessenii_umsongensis_sl,52
458_23-2,Pseudomonas,tolaasii,Pseudomonas_tolaasii,52
458_34-1,Pseudomonas,tolaasii_jessenii_umsongensis_sl,Pseudomonas_tolaasii_jessenii_umsongensis_sl,52
435_83-1,Enterobacter,ludwigii,Enterobacter_ludwigii,53
435_83-2,Enterobacter,ludwigii,Enterobacter_ludwigii,53
435_83-2,Comamonas,cf_thiooxydans,Comamonas_cf_thiooxydans,54
435_83-2,Comamonas,thiooxydans,Comamonas_thiooxydans,54
439_52-1,Comamonas,cf_thiooxydans,Comamonas_cf_thiooxydans,54
436_83-2,Rahnella,aquatilis,Rahnella_aquatilis,56
436_83-2,Rahnella,cf_aquatilis,Rahnella_cf_aquatilis,56
439_52-2,Rahnella,cf_aquatilis,Rahnella_cf_aquatilis,56
439_52-2,Rahnella,aquatilis,Rahnella_aquatilis,56
439_53-2,Rahnella,cf_aquatilis,Rahnella_cf_aquatilis,56
458_22-1,Rahnella,cf_aquatilis,Rahnella_cf_aquatilis,56
436_92,Pseudomonas,abietaniphila,Pseudomonas_abietaniphila,57
437_72,Pseudomonas,costantinii_poae_lurida_sl,Pseudomonas_costantinii_poae_lurida_sl,59
437_22-2,Pseudomonas,tolaasii,Pseudomonas_tolaasii,60
437_22-2,Pseudomonas,tolaasii_jessenii_umsongensis_sl,Pseudomonas_tolaasii_jessenii_umsongensis_sl,60
437_22-2,Serratia,quinivorans,Serratia_quinivorans,61
457_23-2,Serratia,quinivorans,Serratia_quinivorans,61
437_22-2,Pseudomonas,gessardii_proteolytica_sl,Pseudomonas_gessardii_proteolytica_sl,62
458_34,Pseudomonas,protegens,Pseudomonas_protegens,62
437_22-2,Raoultella,ornithinolytica,Raoultella_ornithinolytica,63
437_23-2,Pseudomonas,proteolytica_orientalis_sl,Pseudomonas_proteolytica_orientalis_sl,64
437_23-2,Rahnella,cf_aquatilis,Rahnella_cf_aquatilis,65
439_52-2,Rahnella,aquatilis,Rahnella_aquatilis,65
437_23-2,Cedecea,davisae,Cedecea_davisae,66
437_23-2,Pseudomonas,fragi,Pseudomonas_fragi,67
439_53-1,Pseudomonas,brenneri_grimontii_sl,Pseudomonas_brenneri_grimontii_sl,67
439_53-1,Pseudomonas,fragi,Pseudomonas_fragi,67
441_93-2,Pseudomonas,fragi,Pseudomonas_fragi,67
441_93-2,Pseudomonas,deceptionensis_fragi_sl,Pseudomonas_deceptionensis_fragi_sl,67
437_23-2,Rahnella,aquatilis,Rahnella_aquatilis,68
457_22-3,Rahnella,aquatilis,Rahnella_aquatilis,68
457_23,Acinetobacter,pakistanensis_harbinensis_sl,Acinetobacter_pakistanensis_harbinensis_sl,70
437_32-1,Raoultella/Kluyvera,ornithinolytica_cryocrescens_sl,Raoultella/Kluyvera_ornithinolytica_cryocrescens_sl,71
437_32-1,Raoultella/Kluyvera,ornithinolytica_ascorbata_cryocrescens_sl,Raoultella/Kluyvera_ornithinolytica_ascorbata_cryocrescens_sl,71
437_32-1,Raoultella,ornithinolytica,Raoultella_ornithinolytica,71
437_32-1,Raoultella/Kluyvera,ornithinolytica_ascorbata_sl,Raoultella/Kluyvera_ornithinolytica_ascorbata_sl,71
437_32-1,Massilia,aurea,Massilia_aurea,72
437_72,Pseudomonas,orientalis,Pseudomonas_orientalis,73
458_12,Pseudomonas,orientalis_brenneri_grimontii_rhodesiae_sl,Pseudomonas_orientalis_brenneri_grimontii_rhodesiae_sl,73
437_72,Yersinia,kristensenii_bercovieri_sl,Yersinia_kristensenii_bercovieri_sl,74
437_72,Yersinia,kristensenii,Yersinia_kristensenii,74
437_72,Pantoea,anthophila,Pantoea_anthophila,75
437_73,Pantoea,anthophila,Pantoea_anthophila,75
437_73-2,Pantoea,anthophila,Pantoea_anthophila,75
439_52-2,Pantoea,anthophila,Pantoea_anthophila,75
437_72-2,Janthinobacterium,lividum,Janthinobacterium_lividum,76
437_73,Pseudomonas,brassicacearum_migulae_sl,Pseudomonas_brassicacearum_migulae_sl,77
437_73,Pseudomonas,brassicacearum_migulae_sl,Pseudomonas_brassicacearum_migulae_sl,78
437_73-2,Pseudomonas,brassicacearum_migulae_sl,Pseudomonas_brassicacearum_migulae_sl,78
438_33-2,Pseudomonas,brassicacearum_migulae_sl,Pseudomonas_brassicacearum_migulae_sl,78
NA_P12-1,Pseudomonas,brassicacearum_migulae_sl,Pseudomonas_brassicacearum_migulae_sl,78
457_24-1,Pseudomonas,brassicacearum_migulae_sl,Pseudomonas_brassicacearum_migulae_sl,78
438_23-2,Hafnia,paralvei,Hafnia_paralvei,79
438_33-1,Pseudomonas,jessenii_mandelii_umsongensis_vancouverensis_kilonensis_sl,Pseudomonas_jessenii_mandelii_umsongensis_vancouverensis_kilonensis_sl,80
438_33-2,Obesumbacterium,proteus,Obesumbacterium_proteus,81
438_33-2,Hafnia,paralvei,Hafnia_paralvei,81
438_33-2,Obesumbacterium/Hafnia,proteus_paralvei_sl,Obesumbacterium/Hafnia_proteus_paralvei_sl,81
438_33-2,Pseudomonas,brassicacearum_migulae_sl,Pseudomonas_brassicacearum_migulae_sl,82
441_63-2,Pseudomonas,brassicacearum_reinekei_chlororaphis_migulae_vancouverensis_sl,Pseudomonas_brassicacearum_reinekei_chlororaphis_migulae_vancouverensis_sl,82
441_63-2,Pseudomonas,brassicacearum_migulae_sl,Pseudomonas_brassicacearum_migulae_sl,82
441_63-2,Pseudomonas,reinekei_chlororaphis_migulae_sl,Pseudomonas_reinekei_chlororaphis_migulae_sl,82
441_63-2,Pseudomonas,brassicacearum_reinekei_chlororaphis_tolaasii_migulae_sl,Pseudomonas_brassicacearum_reinekei_chlororaphis_tolaasii_migulae_sl,82
439_23-2,Pseudomonas,proteolytica,Pseudomonas_proteolytica,83
439_53-2,Pseudomonas,proteolytica,Pseudomonas_proteolytica,83
457_22-2,Pseudomonas,proteolytica,Pseudomonas_proteolytica,83
457_22-3,Pseudomonas,proteolytica,Pseudomonas_proteolytica,83
439_32,Obesumbacterium,proteus,Obesumbacterium_proteus,84
439_33,Pseudomonas,orientalis,Pseudomonas_orientalis,85
439_33-1,Pseudomonas,orientalis_proteolytica_trivialis_sl,Pseudomonas_orientalis_proteolytica_trivialis_sl,85
439_33-1,Pseudomonas,orientalis,Pseudomonas_orientalis,85
439_33-1,Pseudomonas,orientalis_trivialis_sl,Pseudomonas_orientalis_trivialis_sl,85
439_33-2,Pseudomonas,orientalis_trivialis_sl,Pseudomonas_orientalis_trivialis_sl,85
439_33-2,Pseudomonas,orientalis,Pseudomonas_orientalis,85
439_33,Klebsiella,pneumoniae,Klebsiella_pneumoniae,86
439_33-2,Pseudomonas,chlororaphis,Pseudomonas_chlororaphis,87
439_33-2,Pseudomonas,gessardii_proteolytica_sl,Pseudomonas_gessardii_proteolytica_sl,88
439_52-2,Pantoea,anthophila,Pantoea_anthophila,89
439_52-2,Pseudomonas,rhizosphaerae_congelans_sl,Pseudomonas_rhizosphaerae_congelans_sl,90
439_53-2,Hafnia,cf_paralvei,Hafnia_cf_paralvei,91
439_53-2,Serratia,proteamaculans,Serratia_proteamaculans,92
439_53-2,Buttiauxella,brennerae,Buttiauxella_brennerae,93
439_53-2,Citrobacter,gillenii,Citrobacter_gillenii,94
439_53-2,Pseudomonas,orientalis_libanensis_proteolytica_sl,Pseudomonas_orientalis_libanensis_proteolytica_sl,95
458_34,Pseudomonas,orientalis_libanensis_proteolytica_trivialis_sl,Pseudomonas_orientalis_libanensis_proteolytica_trivialis_sl,95
439_53-2,Hafnia,paralvei,Hafnia_paralvei,96
458_13-2,Hafnia,paralvei,Hafnia_paralvei,96
439_53-2,Pseudomonas,libanensis,Pseudomonas_libanensis,97
439_53-2,Obesumbacterium,cf_proteus,Obesumbacterium_cf_proteus,98
439_53-2,Hafnia,cf_paralvei,Hafnia_cf_paralvei,99
439_63,Pseudomonas,grimontii,Pseudomonas_grimontii,100
NA_P42-3,Pseudomonas,grimontii,Pseudomonas_grimontii,100
NA_P43-1,Pseudomonas,yamanorum_grimontii_sl,Pseudomonas_yamanorum_grimontii_sl,100
NA_P43-1,Pseudomonas,grimontii,Pseudomonas_grimontii,100
458_12,Pseudomonas,yamanorum_grimontii_rhodesiae_sl,Pseudomonas_yamanorum_grimontii_rhodesiae_sl,100
458_12,Pseudomonas,yamanorum_grimontii_sl,Pseudomonas_yamanorum_grimontii_sl,100
458_12-1,Pseudomonas,yamanorum_grimontii_sl,Pseudomonas_yamanorum_grimontii_sl,100
458_13,Pseudomonas,grimontii,Pseudomonas_grimontii,100
458_13-2,Pseudomonas,grimontii,Pseudomonas_grimontii,100
458_34-1,Pseudomonas,grimontii,Pseudomonas_grimontii,100
458_12,Pseudomonas,grimontii_rhodesiae_sl,Pseudomonas_grimontii_rhodesiae_sl,100
458_12-1,Pseudomonas,grimontii,Pseudomonas_grimontii,100
458_13-2,Pseudomonas,yamanorum_grimontii_sl,Pseudomonas_yamanorum_grimontii_sl,100
458_22,Pseudomonas,yamanorum_grimontii_sl,Pseudomonas_yamanorum_grimontii_sl,100
440_43-2,Janthinobacterium,lividum,Janthinobacterium_lividum,101
440_43-2,Janthinobacterium,lividum,Janthinobacterium_lividum,102
440_93-2,Brevundimonas,vesicularis_(T);_LMG_2350,Brevundimonas_vesicularis_(T);_LMG_2350,105
441_92-2,Pseudomonas,brassicacearum_migulae_sl,Pseudomonas_brassicacearum_migulae_sl,106
441_92-2,Pseudomonas,rhizosphaerae_abietaniphila_sl,Pseudomonas_rhizosphaerae_abietaniphila_sl,106
441_62-2,Pseudomonas,poae_lurida_sl,Pseudomonas_poae_lurida_sl,107
441_63,Pseudomonas,rhizosphaerae,Pseudomonas_rhizosphaerae,108
441_63,Pseudomonas,abietaniphila,Pseudomonas_abietaniphila,108
441_83,Chryseobacterium,shigense_luteum_sl,Chryseobacterium_shigense_luteum_sl,109
441_83-2,Obesumbacterium,proteus,Obesumbacterium_proteus,110
457_22-2,Obesumbacterium,proteus,Obesumbacterium_proteus,110
441_83-2,Pseudomonas,fragi,Pseudomonas_fragi,111
441_93,Pseudomonas,lini_jessenii_cedrina_mandelii_koreensis_sl,Pseudomonas_lini_jessenii_cedrina_mandelii_koreensis_sl,112
441_93-2,Citrobacter,murliniae_braakii_sl,Citrobacter_murliniae_braakii_sl,113
442_22-1,Yersinia,kristensenii,Yersinia_kristensenii,114
442_22-2,Pseudomonas,poae_lurida_sl,Pseudomonas_poae_lurida_sl,115
442_23,Pseudomonas,japonica_fulva_plecoglossicida_sl,Pseudomonas_japonica_fulva_plecoglossicida_sl,116
442_23,Pseudomonas,taiwanensis_japonica_fulva_plecoglossicida_sl,Pseudomonas_taiwanensis_japonica_fulva_plecoglossicida_sl,116
442_23-1,Pseudomonas,monteilii,Pseudomonas_monteilii,117
457_24,Pseudomonas,monteilii,Pseudomonas_monteilii,117
442_73,Pseudomonas,gessardii_libanensis_grimontii_proteolytica_sl,Pseudomonas_gessardii_libanensis_grimontii_proteolytica_sl,119
442_73-1,Serratia,grimesii,Serratia_grimesii,120
NA_P12-4,Serratia,sp_glossinae_marcescens,Serratia_sp_glossinae_marcescens,122
NA_P12-1,Sphingobacterium,kitahiroshimense,Sphingobacterium_kitahiroshimense,125
NA_P33-3,Pseudomonas,marincola,Pseudomonas_marincola,127
NA_P33-3,Pseudomonas,anguilliseptica,Pseudomonas_anguilliseptica,127
NA_P33-3,Pseudomonas,sp_marincola_anguilliseptica,Pseudomonas_sp_marincola_anguilliseptica,128
NA_P33-3,Pseudomonas,cf_marincola,Pseudomonas_cf_marincola,128
NA_P33-3,Pseudomonas,peli,Pseudomonas_peli,128
NA_P12-6,Pseudomonas,poae_lurida_sl,Pseudomonas_poae_lurida_sl,129
458_12-1,Pseudomonas,poae_lurida_sl,Pseudomonas_poae_lurida_sl,131
NA_P43-2,Pseudomonas,poae_lurida_sl,Pseudomonas_poae_lurida_sl,132
NA_P43-4,Pseudomonas,poae_lurida_sl,Pseudomonas_poae_lurida_sl,132
NA_P42-3,Obesumbacterium/Hafnia,proteus_paralvei_sl,Obesumbacterium/Hafnia_proteus_paralvei_sl,133
NA_P42-3,Obesumbacterium,proteus,Obesumbacterium_proteus,134
NA_P42-3,Obesumbacterium/Hafnia,proteus_paralvei_sl,Obesumbacterium/Hafnia_proteus_paralvei_sl,135
457_22-2,Hafnia,alvei,Hafnia_alvei,141
458_13-1,Sphingobacterium,kitahiroshimense,Sphingobacterium_kitahiroshimense,142
457_22-3,Rahnella,aquatilis,Rahnella_aquatilis,143
458_13-2,Buttiauxella,izardii,Buttiauxella_izardii,144
458_13-2,Leclercia,adecarboxylata,Leclercia_adecarboxylata,145
458_13-3,Pseudomonas,orientalis_brenneri_grimontii_rhodesiae_sl,Pseudomonas_orientalis_brenneri_grimontii_rhodesiae_sl,146
458_12,Pseudomonas,orientalis_brenneri_grimontii_rhodesiae_sl,Pseudomonas_orientalis_brenneri_grimontii_rhodesiae_sl,146
458_23,Serratia,quinivorans,Serratia_quinivorans,147
458_12,Pseudomonas,poae_lurida_sl,Pseudomonas_poae_lurida_sl,148
458_32,Janthinobacterium,sp_agaricidamnosum_lividum,Janthinobacterium_sp_agaricidamnosum_lividum,149
458_34-1,Janthinobacterium,lividum,Janthinobacterium_lividum,150
