Trial,PlateID,Day,HTST_Temp,Storage_Temp,Raw_APC,LPC,MSC,MSC_Spread%,PSC_10,PSC_21,PI,APC,CVTA,pH,Particle_Size,Coagulated,IsoID,Genus,Species,AT,Hypothesis,DayInt_SPC
1,75C DI SPC1,0,75,3,,,,,,,,160,N,,,,,,,,,160
1,75C DI SPC,0,75,3,,,,,,,,0,N,,,,,,,,,0
1,85C DI SPC3,0,85,3,,,,,,,,40,N,,,,,,,,,40
1,85C DI SPC2,0,85,3,,,,,,,,80,N,,,,,,,,,80
1,90C DI SPC5,0,90,3,,,,,,,,60,N,,,,,,,,,60
1,90C DI SPC4,0,90,3,,,,,,,,40,N,,,,,,,,,40
1,75C DI SPC1,0,75,6.5,,,,,,,,160,N,,,,,,,,,160
1,75C DI SPC,0,75,6.5,,,,,,,,0,N,,,,,,,,,0
1,85C DI SPC3,0,85,6.5,,,,,,,,40,N,,,,,,,,,40
1,85C DI SPC2,0,85,6.5,,,,,,,,80,N,,,,,,,,,80
1,90C DI SPC5,0,90,6.5,,,,,,,,60,N,,,,,,,,,60
1,90C DI SPC4,0,90,6.5,,,,,,,,40,N,,,,,,,,,40
1,75C DI SPC1,0,75,10,,,,,,,,160,N,,,,,,,,,160
1,75C DI SPC,0,75,10,,,,,,,,0,N,,,,,,,,,0
1,85C DI SPC3,0,85,10,,,,,,,,40,N,,,,,,,,,40
1,85C DI SPC2,0,85,10,,,,,,,,80,N,,,,,,,,,80
1,90C DI SPC5,0,90,10,,,,,,,,60,N,,,,,,,,,60
1,90C DI SPC4,0,90,10,,,,,,,,40,N,,,,,,,,,40
1,75C S3C D7 SPC7,7,75,3,,,,,,,,80,N,,,,,,,,,160
1,75C S3C D7 SPC6,7,75,3,,,,,,,,80,N,,,,,,,,,0
1,85C S3C D7 SPC9,7,85,3,,,,,,,,40,N,,,,,,,,,40
1,85C S3C D7 SPC8,7,85,3,,,,,,,,20,N,,,,,,,,,80
1,90C S3C D7 SPC11,7,90,3,,,,,,,,40,N,,,,,,,,,60
1,90C S3C D7 SPC10,7,90,3,,,,,,,,160,N,,,,,,,,,40
1,75C S6.5C D7 SPC5,7,75,6.5,,,,,,,,60,N,,,,,,,,,160
1,75C S6.5C D7 SPC4,7,75,6.5,,,,,,,,80,N,,,,,,,,,0
1,85C S6.5C D7 SPC3,7,85,6.5,,,,,,,,60,N,,,,,,,,,40
1,85C S6.5C D7 SPC2,7,85,6.5,,,,,,,,140,N,,,,,,,,,80
1,90C S6.5C D7 SPC,7,90,6.5,,,,,,,,120,N,,,,,,,,,60
1,90C S6.5C D7 SPC1,7,90,6.5,,,,,,,,80,N,,,,,,,,,40
1,75C S10C D7 SPC1,7,75,10,,,,,,,,8600000,Y,,,,,,,,,160
1,75C S10C D7 SPC,7,75,10,,,,,,,,17600000,Y,,,,,,,,,0
1,85C S10C D7 SPC3,7,85,10,,,,,,,,17200000,Y,,,,,,,,,40
1,85C S10C D7 SPC2,7,85,10,,,,,,,,16800000,Y,,,,,,,,,80
1,90C S10C D7 SPC5,7,90,10,,,,,,,,16600000,Y,,,,,,,,,60
1,90C S10C D7 SPC4,7,90,10,,,,,,,,16200000,Y,,,,,,,,,40
1,75C S3C D14 SPC1,14,75,3,,,,,,,,180,N,6.69,,,,,,,,160
1,75C S3C D14 SPC,14,75,3,,,,,,,,40,N,6.72,,,,,,,,0
1,85C S3C D14 SPC3,14,85,3,,,,,,,,40,N,6.7,,,,,,,,40
1,85C S3C D14 SPC2,14,85,3,,,,,,,,120,N,6.73,,,,,,,,80
1,90C S3C D14 SPC5,14,90,3,,,,,,,,80,N,6.72,,,,,,,,60
1,90C S3C D14 SPC4,14,90,3,,,,,,,,40,N,6.73,,,,,,,,40
1,75C S6.5C D14 SPC7,14,75,6.5,,,,,,,,40,N,6.72,,,,,,,,160
1,75C S6.5C D14 SPC6,14,75,6.5,,,,,,,,120,N,6.74,,,,,,,,0
1,85C S6.5C D14 SPC9,14,85,6.5,,,,,,,,1440,Y,6.73,,,,,,,,40
1,85C S6.5C D14 SPC8,14,85,6.5,,,,,,,,1460,Y,6.74,,,,,,,,80
1,90C S6.5C D14 SPC11,14,90,6.5,,,,,,,,120,N,6.69,,,,,,,,60
1,90C S6.5C D14 SPC10,14,90,6.5,,,,,,,,200,N,6.72,,,,,,,,40
1,75C S10C D14 SPC13,14,75,10,,,,,,,,15800000,Y,6.42,,,,,,,,160
1,75C S10C D14 SPC12,14,75,10,,,,,,,,12800000,Y,6.42,,,,,,,,0
1,85C S10C D14 SPC15,14,85,10,,,,,,,,7200000,Y,6.4,,,,,,,,40
1,85C S10C D14 SPC14,14,85,10,,,,,,,,4000000,Y,6.39,,,,,,,,80
1,90C S10C D14 SPC17,14,90,10,,,,,,,,32400000,Y,6.26,,,,,,,,60
1,90C S10C D14 SPC16,14,90,10,,,,,,,,37800000,Y,6.23,,,,,,,,40
1,75C S3C D21 SPC1,21,75,3,,,,,,,,40,N,6.71,,,,,,,,160
1,75C S3C D21 SPC,21,75,3,,,,,,,,80,N,6.7,,,,,,,,0
1,85C S3C D21 SPC3,21,85,3,,,,,,,,40,N,6.7,,,,,,,,40
1,85C S3C D21 SPC2,21,85,3,,,,,,,,140,N,6.72,,,,,,,,80
1,90C S3C D21 SPC5,21,90,3,,,,,,,,60,N,6.67,,,,,,,,60
1,90C S3C D21 SPC4,21,90,3,,,,,,,,80,N,6.69,,,,,,,,40
1,75C S6.5C D21 SPC7,21,75,6.5,,,,,,,,100,N,6.7,,,,,,,,160
1,75C S6.5C D21 SPC6,21,75,6.5,,,,,,,,160,N,6.72,,,,,,,,0
1,85C S6.5C D21 SPC9,21,85,6.5,,,,,,,,740,Y,6.65,,,,,,,,40
1,85C S6.5C D21 SPC8,21,85,6.5,,,,,,,,960,Y,6.68,,,,,,,,80
1,90C S6.5C D21 SPC11,21,90,6.5,,,,,,,,120,N,6.69,,,,,,,,60
1,90C S6.5C D21 SPC10,21,90,6.5,,,,,,,,320,N,6.74,,,,,,,,40
1,75C S10C D21 SPC13,21,75,10,,,,,,,,200000,Y,5.73,,,,,,,,160
1,75C S10C D21 SPC12,21,75,10,,,,,,,,800000,Y,5.74,,,,,,,,0
1,85C S10C D21 SPC15,21,85,10,,,,,,,,24600000,Y,5.95,,,,,,,,40
1,85C S10C D21 SPC14,21,85,10,,,,,,,,26600000,Y,5.97,,,,,,,,80
1,90C S10C D21 SPC17,21,90,10,,,,,,,,800000,Y,5.45,,,,,,,,60
1,90C S10C D21 SPC16,21,90,10,,,,,,,,1000000,Y,5.49,,,,,,,,40
1,75C S3C D28 SPC5,28,75,3,,,,,,,,100,N,6.74,380.1,,,,,,,160
1,75C S3C D28 SPC4,28,75,3,,,,,,,,120,N,6.74,355.2,,,,,,,0
1,85C S3C D28 SPC3,28,85,3,,,,,,,,40,N,6.75,383.7,,,,,,,40
1,85C S3C D28 SPC2,28,85,3,,,,,,,,120,N,6.75,369.9,,,,,,,80
1,90C S3C D28 SPC1,28,90,3,,,,,,,,140,N,6.77,367.6,,,,,,,60
1,90C S3C D28 SPC,28,90,3,,,,,,,,120,N,6.77,367.3,,,,,,,40
1,75C S6.5C D28 SPC11,28,75,6.5,,,,,,,,100,N,6.7,437.1,,,,,,,160
1,75C S6.5C D28 SPC10,28,75,6.5,,,,,,,,160,N,6.7,449.2,,,,,,,0
1,85C S6.5C D28 SPC9,28,85,6.5,,,,,,,,14000000,Y,6.49,391.7,,,,,,,40
1,85C S6.5C D28 SPC8,28,85,6.5,,,,,,,,18800000,Y,6.49,371.2,,,,,,,80
1,90C S6.5C D28 SPC7,28,90,6.5,,,,,,,,220,N,6.67,381.6,,,,,,,60
1,90C S6.5C D28 SPC6,28,90,6.5,,,,,,,,140,N,6.67,368.8,,,,,,,40
1,75C S10C D28 SPC17,28,75,10,,,,,,,,1296660,Y,5.74,3449,Y,,,,,,160
1,75C S10C D28 SPC16,28,75,10,,,,,,,,1178782,Y,5.74,3852.3,Y,,,,,,0
1,85C S10C D28 SPC15,28,85,10,,,,,,,,952849,Y,5.82,3497,Y,,,,,,40
1,85C S10C D28 SPC14,28,85,10,,,,,,,,884086,Y,5.82,3303.1,Y,,,,,,80
1,90C S10C D28 SPC13,28,90,10,,,,,,,,3800000,Y,5.84,2606.9,Y,,,,,,60
1,90C S10C D28 SPC12,28,90,10,,,,,,,,3400000,Y,5.84,3435.7,Y,,,,,,40
1,75C S3C D35 SPC RECOUNT,35,75,3,,,,,,,,180,N,6.71,400.6,,,,,,,160
1,75C S3C D35 SPC RECOUNT 2,35,75,3,,,,,,,,120,N,6.71,390.4,,,,,,,0
1,85C S3C D35 SPC3,35,85,3,,,,,,,,120,N,6.74,329.7,,,,,,,40
1,85C S3C D35 SPC2,35,85,3,,,,,,,,120,N,6.74,336.7,,,,,,,80
1,90C S3C D35 SPC RECOUNT 3,35,90,3,,,,,,,,660,N,6.69,290.1,,,,,,,60
1,90C S3C D35 SPC RECOUNT 4,35,90,3,,,,,,,,800,N,6.69,302.1,,,,,,,40
1,75C S6.5C D35 SPC7,35,75,6.5,,,,,,,,8694,N,6.68,506.9,,,,,,,160
1,75C S6.5C D35 SPC6,35,75,6.5,,,,,,,,10020,N,6.68,514,,,,,,,0
1,85C S6.5C D35 SPC9,35,85,6.5,,,,,,,,3800000,Y,6.22,464.4,,,,,,,40
1,85C S6.5C D35 SPC8,35,85,6.5,,,,,,,,4800000,Y,6.22,467.9,,,,,,,80
1,90C S6.5C D35 SPC11,35,90,6.5,,,,,,,,680,N,6.67,382.4,,,,,,,60
1,90C S6.5C D35 SPC10,35,90,6.5,,,,,,,,720,N,6.67,380.4,,,,,,,40
1,75C S10C D35 SPC13,35,75,10,,,,,,,,64047028,Y,5.57,3013.6,Y,,,,,,160
1,75C S10C D35 SPC12,35,75,10,,,,,,,,68378712,Y,5.57,4942.6,Y,,,,,,0
1,85C S10C D35 SPC15,35,85,10,,,,,,,,242000,Y,5.69,2474.2,Y,,,,,,40
1,85C S10C D35 SPC14,35,85,10,,,,,,,,218000,Y,5.69,2786.1,Y,,,,,,80
1,90C S10C D35 SPC17,35,90,10,,,,,,,,90000,Y,6,2684.6,Y,,,,,,60
1,90C S10C D35 SPC16,35,90,10,,,,,,,,98000,Y,6,3735.8,Y,,,,,,40
1,75C S3C D42 SPC1,42,75,3,,,,,,,,60,N,6.66,475.8,,,,,,,160
1,75C S3C D42 SPC,42,75,3,,,,,,,,60,N,6.66,466.1,,,,,,,0
1,85C S3C D42 SPC3,42,85,3,,,,,,,,760,N,6.7,380.9,,,,,,,40
1,85C S3C D42 SPC2,42,85,3,,,,,,,,1200,N,6.7,403.2,,,,,,,80
1,90C S3C D42 SPC5,42,90,3,,,,,,,,18046,N,6.66,387.3,,,,,,,60
1,90C S3C D42 SPC4,42,90,3,,,,,,,,16970,N,6.66,373.9,,,,,,,40
1,75C S6.5C D42 SPC6,42,75,6.5,,,,,,,,48447,N,6.65,541.3,,,,,,,160
1,75C S6.5C D42 SPC7,42,75,6.5,,,,,,,,47205,N,6.65,530,,,,,,,0
1,90C S6.5C D42 SPC9,42,90,6.5,,,,,,,,2940,N,6.68,383.4,,,,,,,60
1,90C S6.5C D42 SPC8,42,90,6.5,,,,,,,,2340,N,6.68,396.6,,,,,,,40
2,75C DI SPC4,0,75,6.5,,,,,,,,120,N,6.7,318.7,,,,,,,120
2,75C DI SPC5,0,75,6.5,,,,,,,,80,N,6.66,356.4,,,,,,,80
2,85C DI SPC7,0,85,6.5,,,,,,,,40,N,6.67,327,,,,,,,40
2,85C DI SPC6,0,85,6.5,,,,,,,,0,N,6.67,317.1,,,,,,,0
2,90C DI SPC8,0,90,6.5,,,,,,,,0,N,6.66,320.7,,,,,,,0
2,90C DI SPC9,0,90,6.5,,,,,,,,60,N,6.68,331.7,,,,,,,60
2,75C DI SPC4,0,75,10,,,,,,,,120,N,6.7,318.7,,,,,,,120
2,75C DI SPC5,0,75,10,,,,,,,,80,N,6.66,356.4,,,,,,,80
2,85C DI SPC7,0,85,10,,,,,,,,40,N,6.67,327,,,,,,,40
2,85C DI SPC6,0,85,10,,,,,,,,0,N,6.67,317.1,,,,,,,0
2,90C DI SPC8,0,90,10,,,,,,,,0,N,6.66,320.7,,,,,,,0
2,90C DI SPC9,0,90,10,,,,,,,,60,N,6.68,331.7,,,,,,,60
2,75C S10C D3 SPC,3,75,10,,,,,,,,20,N,6.59,360.7,,,,,,,120
2,75C S10C D3 SPC1,3,75,10,,,,,,,,80,N,6.59,372.7,,,,,,,80
2,85C S10C D3 SPC2,3,85,10,,,,,,,,60,N,6.7,288,,,,,,,40
2,85C S10C D3 SPC3,3,85,10,,,,,,,,60,N,6.73,292,,,,,,,0
2,90C S10C D3 SPC5,3,90,10,,,,,,,,60,N,6.72,320.1,,,,,,,0
2,90C S10C D3 SPC4,3,90,10,,,,,,,,0,N,6.73,306.1,,,,,,,60
2,75C S10C D5 SPC,5,75,10,,,,,,,,120,N,6.63,335.2,,,,,,,120
2,75C S10C D5 SPC1,5,75,10,,,,,,,,100,N,6.65,325.5,,,,,,,80
2,85C S10C D5 SPC2,5,85,10,,,,,,,,240,Y,6.73,282.4,,,,,,,40
2,85C S10C D5 SPC3,5,85,10,,,,,,,,220,Y,6.74,286.7,,,,,,,0
2,90C S10C D5 SPC5,5,90,10,,,,,,,,280,N,6.71,302.8,,,,,,,0
2,90C S10C D5 SPC4,5,90,10,,,,,,,,200,N,6.73,298.6,,,,,,,60
2,75C S6.5C D7 SPC6,7,75,6.5,,,,,,,,180,N,6.69,363.1,,,,,,,120
2,75C S6.5C D7 SPC7,7,75,6.5,,,,,,,,20,N,6.69,343.4,,,,,,,80
2,85C S6.5C D7 SPC8,7,85,6.5,,,,,,,,60,N,6.73,360.1,,,,,,,40
2,85C S6.5C D7 SPC9,7,85,6.5,,,,,,,,80,N,6.73,349.2,,,,,,,0
2,90C S6.5C D7 SPC11,7,90,6.5,,,,,,,,40,N,6.73,346.9,,,,,,,0
2,90C S6.5C D7 SPC10,7,90,6.5,,,,,,,,80,N,6.72,343.5,,,,,,,60
2,75C S10C D7 SPC12,7,75,10,,,,,,,,20,N,6.59,423.9,,,,,,,120
2,75C S10C D7 SPC13,7,75,10,,,,,,,,40,N,6.59,422.3,,,,,,,80
2,85C S10C D7 SPC14,7,85,10,,,,,,,,2340,N,6.72,269.1,,,,,,,40
2,85C S10C D7 SPC15,7,85,10,,,,,,,,2220,N,6.75,277,,,,,,,0
2,90C S10C D7 SPC17,7,90,10,,,,,,,,740,N,6.73,326.3,,,,,,,0
2,90C S10C D7 SPC16,7,90,10,,,,,,,,860,N,6.71,333.3,,,,,,,60
2,75C S10C D9 SPC,9,75,10,,,,,,,,2140,Y,6.55,362.8,,,,,,,120
2,75C S10C D9 SPC1,9,75,10,,,,,,,,2280,Y,6.56,345.8,,,,,,,80
2,85C S10C D9 SPC4,9,85,10,,,,,,,,1200000,Y,6.4,313.7,,,,,,,40
2,85C S10C D9 SPC3,9,85,10,,,,,,,,1200000,Y,6.39,312.8,,,,,,,0
2,85C S10C D9 SPC,9,85,10,,,,,,,,869352,Y,,,,,,,,,40
2,85C S10C D9 SPC2,9,85,10,,,,,,,,581683,Y,,,,,,,,,0
2,90C S10C D9 SPC5,9,90,10,,,,,,,,60000,N,6.49,289.2,,,,,,,0
2,90C S10C D9 SPC6,9,90,10,,,,,,,,68000,N,6.51,287.4,,,,,,,60
2,75C S10C D11 SPC,11,75,10,,,,,,,,563119,N,6.55,319.5,,,,,,,120
2,75C S10C D11 SPC1,11,75,10,,,,,,,,677599,N,6.56,324,,,,,,,80
2,85C S10C D11 SPC2,11,85,10,,,,,,,,23400000,Y,6.4,263.5,,,,,,,40
2,85C S10C D11 SPC3,11,85,10,,,,,,,,24400000,Y,6.39,275,,,,,,,0
2,90C S10C D11 SPC4,11,90,10,,,,,,,,160,N,6.49,371.7,,,,,,,0
2,90C S10C D11 SPC5,11,90,10,,,,,,,,200,N,6.51,364,,,,,,,60
2,75C S10C D13 SPC,13,75,10,,,,,,,,6000000,N,6.67,322.3,,,,,,,120
2,75C S10C D13 SPC1,13,75,10,,,,,,,,7000000,N,6.67,336.7,,,,,,,80
2,85C S10C D13 SPC3,13,85,10,,,,,,,,21000000,Y,6.3,3313.5,Y,,,,,,40
2,85C S10C D13 SPC2,13,85,10,,,,,,,,17400000,Y,6.29,3261.3,Y,,,,,,0
2,90C S10C D13 SPC4,13,90,10,,,,,,,,9578,N,6.66,395.4,,,,,,,0
2,90C S10C D13 SPC5,13,90,10,,,,,,,,10904,N,6.68,392,,,,,,,60
2,75C S6.5C D14 SPC7,14,75,6.5,,,,,,,,1540,N,6.74,383.5,,,,,,,120
2,75C S6.5C D14 SPC6,14,75,6.5,,,,,,,,1620,N,6.78,367.8,,,,,,,80
2,85C S6.5C D14 SPC9,14,85,6.5,,,,,,,,64000,N,6.78,369,,,,,,,40
2,85C S6.5C D14 SPC8,14,85,6.5,,,,,,,,46000,N,6.8,344.4,,,,,,,0
2,90C S6.5C D14 SPC11,14,90,6.5,,,,,,,,122000,N,6.76,346.2,,,,,,,0
2,90C S6.5C D14 SPC10,14,90,6.5,,,,,,,,80000,N,6.77,358.3,,,,,,,60
2,75C S10C D15 SPC,15,75,10,,,,,,,,43000000,Y,6.52,352.3,,,,,,,120
2,75C S10C D15 SPC1,15,75,10,,,,,,,,51361384,Y,6.56,359.5,,,,,,,80
2,85C S10C D15 SPC3,15,85,10,,,,,,,,4600000,Y,5.88,462.5,,,,,,,40
2,85C S10C D15 SPC4,15,85,10,,,,,,,,5600000,Y,5.89,518.9,,,,,,,0
2,90C S10C D15 SPC5,15,90,10,,,,,,,,59405940,Y,6.04,316.6,,,,,,,0
2,90C S10C D15 SPC6,15,90,10,,,,,,,,51670792,Y,6.05,329.8,,,,,,,60
2,90C S10C 17 SPC1,17,90,10,,,,,,,,16000000,N,5.69,10046,Y,,,,,,0
2,90C S10C 17 SPC,17,90,10,,,,,,,,12800000,N,5.71,1864.1,Y,,,,,,60
2,75C S10C D18 SPC,18,75,10,,,,,,,,136000,Y,6.61,393.8,,,,,,,120
2,75C S10C D18 SPC1,18,75,10,,,,,,,,268000,Y,6.64,382.8,,,,,,,80
2,75C S6.5C D21 SPC8,21,75,6.5,,,,,,,,110000,N,6.78,402.6,,,,,,,120
2,75C S6.5C D21 SPC9,21,75,6.5,,,,,,,,90000,N,6.79,399.7,,,,,,,80
2,85C S6.5C D21 SPC10,21,85,6.5,,,,,,,,4600000,N,6.72,376.7,,,,,,,40
2,85C S6.5C D21 SPC11,21,85,6.5,,,,,,,,3000000,N,6.73,368,,,,,,,0
2,90C S6.5C D21 SPC,21,90,6.5,,,,,,,,20800000,N,6.69,388.7,,,,,,,0
2,90C S6.5C D21 SPC1,21,90,6.5,,,,,,,,22600000,N,6.69,376.6,,,,,,,60
2,75C S6.5C D28 SPC6,28,75,6.5,,,,,,,,8750000,N,6.63,360.3,,,,,,,120
2,75C S6.5C D28 SPC7,28,75,6.5,,,,,,,,9492188,N,6.67,389.1,,,,,,,80
2,85C S6.5C D28 SPC8,28,85,6.5,,,,,,,,12148438,N,6.35,456.2,,,,,,,40
2,85C S6.5C D28 SPC9,28,85,6.5,,,,,,,,11132813,N,6.34,448,,,,,,,0
2,90C S6.5C D28 SPC12,28,90,6.5,,,,,,,,15400000,N,6.21,455.9,,,,,,,0
2,90C S6.5C D28 SPC13,28,90,6.5,,,,,,,,14600000,N,6.22,438.8,,,,,,,60
2,75C S6.5C D35 SPC8,35,75,6.5,,,,,,,,33000000,N,6.16,430.9,,,,,,,120
2,75C S6.5C D35 SPC9,35,75,6.5,,,,,,,,32400000,N,6.16,389,,,,,,,80
2,85C S6.5C D35 SPC11,35,85,6.5,,,,,,,,4565217.5,N,6.47,456.2,,,,,,,40
2,85C S6.5C D35 SPC12,35,85,6.5,,,,,,,,4161490.5,N,6.47,448,,,,,,,0
2,90C S6.5C D35 SPC13,35,90,6.5,,,,,,,,200000,N,5.61,455.9,,,,,,,0
2,90C S6.5C D35 SPC14,35,90,6.5,,,,,,,,1600000,N,5.61,438.8,,,,,,,60
2,75C S6.5C D42 SPC,42,75,6.5,,,,,,,,29400000,N,5.64,405.7,,,,,,,120
2,75C S6.5C D42 SPC1,42,75,6.5,,,,,,,,34200000,N,5.64,472.5,,,,,,,80
3,75C DI SPC,0,75,3,,,,,,,,80,N,6.79,320.7,,,,,,,80
3,75C DI SPC1,0,75,3,,,,,,,,60,N,6.84,309,,,,,,,60
3,85C DI SPC2,0,85,3,,,,,,,,140,N,6.84,331.1,,,,,,,140
3,85C DI SPC3,0,85,3,,,,,,,,120,N,6.82,316,,,,,,,120
3,90C DI SPC4,0,90,3,,,,,,,,20,N,6.84,357.3,,,,,,,20
3,90C DI SPC5,0,90,3,,,,,,,,0,N,6.87,342.4,,,,,,,0
3,75C DI SPC,0,75,6.5,,,,,,,,80,N,6.79,320.7,,,,,,,80
3,75C DI SPC1,0,75,6.5,,,,,,,,60,N,6.84,309,,,,,,,60
3,85C DI SPC2,0,85,6.5,,,,,,,,140,N,6.84,331.1,,,,,,,140
3,85C DI SPC3,0,85,6.5,,,,,,,,120,N,6.82,316,,,,,,,120
3,90C DI SPC4,0,90,6.5,,,,,,,,20,N,6.84,357.3,,,,,,,20
3,90C DI SPC5,0,90,6.5,,,,,,,,0,N,6.87,342.4,,,,,,,0
3,75C DI SPC,0,75,10,,,,,,,,80,N,6.79,320.7,,,,,,,80
3,75C DI SPC1,0,75,10,,,,,,,,60,N,6.84,309,,,,,,,60
3,85C DI SPC2,0,85,10,,,,,,,,140,N,6.84,331.1,,,,,,,140
3,85C DI SPC3,0,85,10,,,,,,,,120,N,6.82,316,,,,,,,120
3,90C DI SPC4,0,90,10,,,,,,,,20,N,6.84,357.3,,,,,,,20
3,90C DI SPC5,0,90,10,,,,,,,,0,N,6.87,342.4,,,,,,,0
3,75C S10C D3 SPC,3,75,10,,,,,,,,60,N,6.78,319.4,,,,,,,80
3,75C S10C D3 SPC1,3,75,10,,,,,,,,120,N,6.81,328.1,,,,,,,60
3,85C S10C D3 SPC2,3,85,10,,,,,,,,140,N,6.84,316.4,,,,,,,140
3,85C S10C D3 SPC3,3,85,10,,,,,,,,80,N,6.83,341.1,,,,,,,120
3,90C S10C D3 SPC4,3,90,10,,,,,,,,60,N,6.84,341.6,,,,,,,20
3,90C S10C D3 SPC5,3,90,10,,,,,,,,160,N,6.85,343.5,,,,,,,0
3,75C 10C D5 SPC,5,75,10,,,,,,,,1800,N,6.7,343.8,,,,,,,80
3,75C 10C D5 SPC1,5,75,10,,,,,,,,1600,N,6.71,338.3,,,,,,,60
3,85C 10C D5 SPC2,5,85,10,,,,,,,,1760,Y,6.73,319.3,,,,,,,140
3,85C 10C D5 SPC3,5,85,10,,,,,,,,1560,Y,6.74,352.4,,,,,,,120
3,90C 10C D5 SPC4,5,90,10,,,,,,,,1100,N,6.74,343.2,,,,,,,20
3,90C 10C D5 SPC5,5,90,10,,,,,,,,900,N,6.71,355.8,,,,,,,0
3,75C S3C D7 SPC,7,75,3,,,,,,,,100,N,6.77,328.8,,,,,,,80
3,75C S3C D7 SPC1,7,75,3,,,,,,,,100,N,6.78,354.4,,,,,,,60
3,85C S3C D7 SPC2,7,85,3,,,,,,,,60,N,6.76,368,,,,,,,140
3,85C S3C D7 SPC3,7,85,3,,,,,,,,60,N,6.75,353.7,,,,,,,120
3,90C S3C D7 SPC4,7,90,3,,,,,,,,60,N,6.82,344.5,,,,,,,20
3,90C S3C D7 SPC5,7,90,3,,,,,,,,80,N,6.81,330.8,,,,,,,0
3,75C S6.5C D7 SPC6,7,75,6.5,,,,,,,,120,N,6.74,353.6,,,,,,,80
3,75C S6.5C D7 SPC7,7,75,6.5,,,,,,,,120,N,6.75,364.8,,,,,,,60
3,85C S6.5C D7 SPC8,7,85,6.5,,,,,,,,80,N,6.94,364.1,,,,,,,140
3,85C S6.5C D7 SPC9,7,85,6.5,,,,,,,,60,N,6.95,385,,,,,,,120
3,90C S6.5C D7 SPC10,7,90,6.5,,,,,,,,60,N,6.75,366.8,,,,,,,20
3,90C S6.5C D7 SPC11,7,90,6.5,,,,,,,,80,N,6.75,367.8,,,,,,,0
3,75C S10C D7 SPC14,7,75,10,,,,,,,,4425466,Y,6.55,406.8,,,,,,,80
3,75C S10C D7 SPC15,7,75,10,,,,,,,,4767081,Y,6.57,380.6,,,,,,,60
3,85C S10C D7 SPC16,7,85,10,,,,,,,,683787,Y,6.65,340.7,,,,,,,140
3,85C S10C D7 SPC17,7,85,10,,,,,,,,544554,Y,6.66,340.6,,,,,,,120
3,90C S10C D7 SPC18,7,90,10,,,,,,,,66000,N,6.67,361.7,,,,,,,20
3,90C S10C D7 SPC19,7,90,10,,,,,,,,52000,N,6.67,341,,,,,,,0
3,75C S10C D9 SPC,9,75,10,,,,,,,,6000000,N,6.56,356.2,,,,,,,80
3,75C S10C D9 SPC1,9,75,10,,,,,,,,4600000,N,6.58,350.7,,,,,,,60
3,85C S10C D9 SPC2,9,85,10,,,,,,,,9400000,Y,6.5,333.1,,,,,,,140
3,85C S10C D9 SPC3,9,85,10,,,,,,,,7400000,Y,6.52,337.6,,,,,,,120
3,90C S10C D9 SPC4,9,90,10,,,,,,,,3400000,Y,6.62,341.7,,,,,,,20
3,90C S10C D9 SPC5,9,90,10,,,,,,,,4400000,Y,6.63,335.1,,,,,,,0
3,75C S10C D11 SPC,11,75,10,,,,,,,,39400000,Y,6.13,2503.7,Y,,,,,,80
3,75C S10C D11 SPC1,11,75,10,,,,,,,,53836632,Y,6.16,3050.7,Y,,,,,,60
3,85C S10C D11 SPC2,11,85,10,,,,,,,,10078125,N,6.4,230.2,,,,,,,140
3,85C S10C D11 SPC3,11,85,10,,,,,,,,5186336,N,6.4,229.6,,,,,,,120
3,90C S10C D11 SPC4,11,90,10,,,,,,,,23200000,Y,6.35,311.7,,,,,,,20
3,90C S10C D11 SPC5,11,90,10,,,,,,,,20000000,Y,6.35,317.7,,,,,,,0
3,75C S10C D13 SPC,13,75,10,,,,,,,,16800000,Y,5.94,3381.2,Y,,,,,,80
3,75C S10C D13 SPC1,13,75,10,,,,,,,,15400000,Y,5.95,3596.7,Y,,,,,,60
3,85C S10C D13 SPC3,13,85,10,,,,,,,,13400000,Y,5.88,340.1,,,,,,,140
3,85C S10C D13 SPC2,13,85,10,,,,,,,,16400000,Y,5.89,357.2,,,,,,,120
3,90C S10C D13 SPC4,13,90,10,,,,,,,,110019648,N,5.63,239.5,,,,,,,20
3,90C S10C D13 SPC5,13,90,10,,,,,,,,93811392,N,5.63,240.6,,,,,,,0
3,75C S3C D14 SPC,14,75,3,,,,,,,,180,N,6.56,243.7,,,,,,,80
3,75C S3C D14 SPC1,14,75,3,,,,,,,,240,N,6.58,248.2,,,,,,,60
3,85C S3C D14 SPC2,14,85,3,,,,,,,,80,N,6.61,329.2,,,,,,,140
3,85C S3C D14 SPC3,14,85,3,,,,,,,,60,N,6.62,331.9,,,,,,,120
3,90C S3C D14 SPC4,14,90,3,,,,,,,,80,N,6.6,341.1,,,,,,,20
3,90C S3C D14 SPC5,14,90,3,,,,,,,,100,N,6.61,324.9,,,,,,,0
3,75C S6.5C D14 SPC6,14,75,6.5,,,,,,,,7983,N,6.64,346.9,,,,,,,80
3,75C S6.5C D14 SPC7,14,75,6.5,,,,,,,,6962,N,6.63,325.5,,,,,,,60
3,85C S6.5C D14 SPC8,14,85,6.5,,,,,,,,160000,N,6.84,355.9,,,,,,,140
3,85C S6.5C D14 SPC9,14,85,6.5,,,,,,,,174000,N,6.84,351.9,,,,,,,120
3,90C S6.5C D14 SPC10,14,90,6.5,,,,,,,,1713576,Y,6.61,357,,,,,,,20
3,90C S6.5C D14 SPC11,14,90,6.5,,,,,,,,1937086,Y,6.61,369.7,,,,,,,0
3,75C S10C D15 SPC,15,75,10,,,,,,,,800000,N,6.19,2965.8,Y,,,,,,80
3,75C S10C D15 SPC1,15,75,10,,,,,,,,1400000,N,6.17,1884.7,Y,,,,,,60
3,85C S10C D15 SPC3,15,85,10,,,,,,,,3000000,N,5.72,367.8,,,,,,,140
3,85C S10C D15 SPC2,15,85,10,,,,,,,,2600000,N,5.71,409,,,,,,,120
3,90C S10C D15 SPC4,15,90,10,,,,,,,,1200000,Y,5.82,389.6,,,,,,,20
3,90C S10C D15 SPC5,15,90,10,,,,,,,,1200000,Y,5.81,350.6,,,,,,,0
3,75C S3C D21 SPC,21,75,3,,,,,,,,18212,N,6.64,339.4,,,,,,,80
3,75C S3C D21 SPC1,21,75,3,,,,,,,,16225,N,6.67,334.3,,,,,,,60
3,85C S3C D21 SPC2,21,85,3,,,,,,,,4320,N,6.64,317.3,,,,,,,140
3,85C S3C D21 SPC3,21,85,3,,,,,,,,3320,N,6.65,316.5,,,,,,,120
3,90C S3C D21 SPC4,21,90,3,,,,,,,,6683,N,6.79,348.6,,,,,,,20
3,90C S3C D21 SPC5,21,90,3,,,,,,,,6064,N,6.79,364.7,,,,,,,0
3,75C S6.5C D21 SPC8,21,75,6.5,,,,,,,,10600000,N,6.6,378.4,,,,,,,80
3,75C S6.5C D21 SPC9,21,75,6.5,,,,,,,,10800000,N,6.61,378.5,,,,,,,60
3,85C S6.5C D21 SPC10,21,85,6.5,,,,,,,,28000000,N,6.09,382.7,,,,,,,140
3,85C S6.5C D21 SPC11,21,85,6.5,,,,,,,,23000000,N,6.09,368.1,,,,,,,120
3,90C S6.5C D21 SPC12,21,90,6.5,,,,,,,,20859376,N,6.47,359,,,,,,,20
3,90C S6.5C D21 SPC13,21,90,6.5,,,,,,,,22187500,N,6.47,351.1,,,,,,,0
3,75C S3C D28 SPC,28,75,3,,,,,,,,134000,N,6.66,354.9,,,,,,,80
3,75C S3C D28 SPC1,28,75,3,,,,,,,,76000,N,6.64,344.1,,,,,,,60
3,85C S3C D28 SPC2,28,85,3,,,,,,,,825147,N,6.72,321.9,,,,,,,140
3,85C S3C D28 SPC3,28,85,3,,,,,,,,859529,N,6.71,317,,,,,,,120
3,90C S3C D28 SPC4,28,90,3,,,,,,,,60,N,6.9,372,,,,,,,20
3,90C S3C D28 SPC5,28,90,3,,,,,,,,80,N,6.91,365.2,,,,,,,0
3,75C S6.5C D28 SPC6,28,75,6.5,,,,,,,,19000000,Y,6.24,408.1,,,,,,,80
3,75C S6.5C D28 SPC7,28,75,6.5,,,,,,,,18200000,Y,6.23,440.5,,,,,,,60
3,85C S6.5C D28 SPC REPLATE,28,85,6.5,,,,,,,,62890628,N,6.07,387.2,,,,,,,140
3,85C S6.5C D28 SPC REPLATE1,28,85,6.5,,,,,,,,66796876,N,6.09,392.2,,,,,,,120
3,90C S6.5C D28 SPC REPLATE2,28,90,6.5,,,,,,,,48136644,N,5.85,407.1,,,,,,,20
3,90C S6.5C D28 SPC REPLATE3,28,90,6.5,,,,,,,,54968944,N,5.83,401,,,,,,,0
3,75C S3C D35 SPC,35,75,3,,,,,,,,3200000,N,6.63,319,,,,,,,80
3,75C S3C D35 SPC1,35,75,3,,,,,,,,4000000,N,6.62,319.8,,,,,,,60
3,85C S3C D35 SPC2,35,85,3,,,,,,,,66000,N,6.66,392.2,,,,,,,140
3,85C S3C D35 SPC3,35,85,3,,,,,,,,62000,N,6.65,383.7,,,,,,,120
3,90C S3C D35 SPC4,35,90,3,,,,,,,,18200000,N,6.53,348.3,,,,,,,20
3,90C S3C D35 SPC5,35,90,3,,,,,,,,16000000,N,6.52,362.4,,,,,,,0
3,75C S6.5C D35 SPC6,35,75,6.5,,,,,,,,14296875,N,6.54,376.4,,,,,,,80
3,75C S6.5C D35 SPC7,35,75,6.5,,,,,,,,13710938,N,6.53,400.7,,,,,,,60
3,85C S6.5C D35 SPC9,35,85,6.5,,,,,,,,11015625,N,5.87,419.9,,,,,,,140
3,85C S6.5C D35 SPC10,35,85,6.5,,,,,,,,9414063,N,5.87,475.7,,,,,,,120
3,90C S6.5C D35 SPC13,35,90,6.5,,,,,,,,13476563,N,5.68,454.1,,,,,,,20
3,90C S6.5C D35 SPC14,35,90,6.5,,,,,,,,14335938,N,5.69,445,,,,,,,0
3,75C S3C D42 SPC,42,75,3,,,,,,,,3850932,N,6.59,395.3,,,,,,,80
3,75C S3C D42 SPC1,42,75,3,,,,,,,,3633540,N,6.57,385.3,,,,,,,60
3,85C S3C D42 SPC2,42,85,3,,,,,,,,11600000,N,6.59,339.1,,,,,,,140
3,85C S3C D42 SPC3,42,85,3,,,,,,,,8600000,N,6.58,345.9,,,,,,,120
3,90C S3C D42 REPLATE SPC,42,90,3,,,,,,,,40,N,6.84,339.7,,,,,,,20
3,90C S3C D42 REPLATE SPC1,42,90,3,,,,,,,,140,N,6.84,359.3,,,,,,,0
3,85C S3C D49 SPC D35 Bottle,49,85,3,,,,,,,,11992188,N,,,,,,,,,140
3,85C S3C D49 SPC D35 Bottle1,49,85,3,,,,,,,,12890625,N,,,,,,,,,120
3,85C S3C D49 SPC D42 Bottle2,49,85,3,,,,,,,,15273438,N,,,,,,,,,140
3,85C S3C D49 SPC D42 Bottle3,49,85,3,,,,,,,,14140625,N,,,,,,,,,120
3,90C S3C D49 SPC D42 Bottle7,49,90,3,,,,,,,,0,N,,,,,,,,,20
3,90C S3C D49 SPC D42 Bottle6,49,90,3,,,,,,,,0,N,,,,,,,,,0
3,90C S3C D49 SPC D35 Bottle5,49,90,3,,,,,,,,15000000,N,,,,,,,,,20
3,90C S3C D49 SPC D35 Bottle4,49,90,3,,,,,,,,17929688,N,,,,,,,,,0
3,90C S3C D63 SPC D42 Bottle,63,90,3,,,,,,,,40,N,,,,,,,,,20
3,90C S3C D63 SPC1 D42 Bottle,63,90,3,,,,,,,,120,N,,,,,,,,,0
4,75C DI SPC,0,75,3,,,,,,,,60,N,6.68,304.3,,,,,,,60
4,75C DI SPC1,0,75,3,,,,,,,,100,N,6.68,278.5,,,,,,,100
4,85C DI SPC2,0,85,3,,,,,,,,40,N,6.83,285.5,,,,,,,40
4,85C DI SPC3,0,85,3,,,,,,,,80,N,6.67,295.2,,,,,,,80
4,90C DI SPC4,0,90,3,,,,,,,,60,N,6.68,294.4,,,,,,,60
4,90C DI SPC5,0,90,3,,,,,,,,40,N,6.65,292.7,,,,,,,40
4,75C DI SPC,0,75,6.5,,,,,,,,60,N,6.68,304.3,,,,,,,60
4,75C DI SPC1,0,75,6.5,,,,,,,,100,N,6.68,278.5,,,,,,,100
4,85C DI SPC2,0,85,6.5,,,,,,,,40,N,6.83,285.5,,,,,,,40
4,85C DI SPC3,0,85,6.5,,,,,,,,80,N,6.67,295.2,,,,,,,80
4,90C DI SPC4,0,90,6.5,,,,,,,,60,N,6.68,294.4,,,,,,,60
4,90C DI SPC5,0,90,6.5,,,,,,,,40,N,6.65,292.7,,,,,,,40
4,75C DI SPC,0,75,10,,,,,,,,60,N,6.68,304.3,,,,,,,60
4,75C DI SPC1,0,75,10,,,,,,,,100,N,6.68,278.5,,,,,,,100
4,85C DI SPC2,0,85,10,,,,,,,,40,N,6.83,285.5,,,,,,,40
4,85C DI SPC3,0,85,10,,,,,,,,80,N,6.67,295.2,,,,,,,80
4,90C DI SPC4,0,90,10,,,,,,,,60,N,6.68,294.4,,,,,,,60
4,90C DI SPC5,0,90,10,,,,,,,,40,N,6.65,292.7,,,,,,,40
4,75C S10C D3 SPC,3,75,10,,,,,,,,140,N,6.71,306.2,,,,,,,60
4,75C S10C D3 SPC1,3,75,10,,,,,,,,120,N,6.7,322.4,,,,,,,100
4,85C S10C D3 SPC3,3,85,10,,,,,,,,40,N,6.71,315.7,,,,,,,40
4,85C S10C D3 SPC2,3,85,10,,,,,,,,40,N,6.7,304,,,,,,,80
4,90C S10C D3 SPC5,3,90,10,,,,,,,,20,N,6.66,293.4,,,,,,,60
4,90C S10C D3 SPC4,3,90,10,,,,,,,,60,N,6.66,306.5,,,,,,,40
4,75C S10C D5 SPC,5,75,10,,,,,,,,160,N,6.72,305.1,,,,,,,60
4,75C S10C D5 SPC1,5,75,10,,,,,,,,80,N,6.71,306,,,,,,,100
4,85C S10C D5 SPC2,5,85,10,,,,,,,,80,N,6.7,292,,,,,,,40
4,85C S10C D5 SPC3,5,85,10,,,,,,,,60,N,6.7,290.9,,,,,,,80
4,90C S10C D5 SPC4,5,90,10,,,,,,,,100,N,6.67,326,,,,,,,60
4,90C S10C D5 SPC5,5,90,10,,,,,,,,80,N,6.67,326.7,,,,,,,40
4,75C S3C D7 SPC,7,75,3,,,,,,,,80,N,6.69,390.6,,,,,,,60
4,75C S3C D7 SPC1,7,75,3,,,,,,,,140,N,6.69,311.7,,,,,,,100
4,85C S3C D7 SPC2,7,85,3,,,,,,,,80,N,6.72,310.5,,,,,,,40
4,85C S3C D7 SPC3,7,85,3,,,,,,,,120,N,6.7,310.1,,,,,,,80
4,90C S3C D7 SPC4,7,90,3,,,,,,,,20,N,6.71,319.9,,,,,,,60
4,90C S3C D7 SPC5,7,90,3,,,,,,,,0,N,6.68,314.2,,,,,,,40
4,75C S6.5C D7 SPC6,7,75,6.5,,,,,,,,80,N,6.75,327.7,,,,,,,60
4,75C S6.5C D7 SPC7,7,75,6.5,,,,,,,,80,N,6.72,345.1,,,,,,,100
4,85C S6.5C D7 SPC8,7,85,6.5,,,,,,,,40,N,6.78,333,,,,,,,40
4,85C S6.5C D7 SPC9,7,85,6.5,,,,,,,,40,N,6.78,322.8,,,,,,,80
4,90C S6.5C D7 SPC10,7,90,6.5,,,,,,,,40,N,6.68,297.1,,,,,,,60
4,90C S6.5C D7 SPC11,7,90,6.5,,,,,,,,100,N,6.68,286.1,,,,,,,40
4,75C S10C D7 SPC12,7,75,10,,,,,,,,15232,Y,6.71,333.6,,,,,,,60
4,75C S10C D7 SPC13,7,75,10,,,,,,,,18046,Y,6.71,327.8,,,,,,,100
4,85C S10C D7 SPC14,7,85,10,,,,,,,,2460,Y,6.73,282.1,,,,,,,40
4,85C S10C D7 SPC15,7,85,10,,,,,,,,3040,Y,6.71,301.6,,,,,,,80
4,90C S10C D7 SPC16,7,90,10,,,,,,,,60,N,6.7,308.8,,,,,,,60
4,90C S10C D7 SPC17,7,90,10,,,,,,,,80,N,6.7,332.6,,,,,,,40
4,75C S10C D9 SPC,9,75,10,,,,,,,,132000,Y,6.63,321.3,,,,,,,60
4,75C S10C D9 SPC1,9,75,10,,,,,,,,142000,Y,6.62,299.5,,,,,,,100
4,85C S10C D9 SPC2,9,85,10,,,,,,,,248000,Y,6.64,299,,,,,,,40
4,85C S10C D9 SPC3,9,85,10,,,,,,,,210000,Y,6.66,295.1,,,,,,,80
4,90C S10C D9 SPC4,9,90,10,,,,,,,,5631,Y,6.65,311.3,,,,,,,60
4,90C S10C D9 SPC5,9,90,10,,,,,,,,5012,Y,6.64,317.5,,,,,,,40
4,75C S10C D11 SPC,11,75,10,,,,,,,,7400000,Y,6.68,360.3,,,,,,,60
4,75C S10C D11 SPC1,11,75,10,,,,,,,,6600000,Y,6.62,362.6,,,,,,,100
4,85C S10C D11 SPC2,11,85,10,,,,,,,,1481788,Y,6.66,306,,,,,,,40
4,85C S10C D11 SPC5,11,85,10,,,,,,,,1548013,Y,6.67,306.2,,,,,,,80
4,90C S10C D11 SPC3,11,90,10,,,,,,,,957760,Y,6.65,329.3,,,,,,,60
4,90C S10C D11 SPC4,11,90,10,,,,,,,,1506623,Y,6.65,333.7,,,,,,,40
4,75C S10C D13 SPC,13,75,10,,,,,,,,11800000,Y,6.56,357.7,,,,,,,60
4,75C S10C D13 SPC1,13,75,10,,,,,,,,11000000,Y,6.55,341,,,,,,,100
4,85C S10C D13 SPC2,13,85,10,,,,,,,,9200000,Y,6.55,309.8,,,,,,,40
4,85C S10C D13 SPC3,13,85,10,,,,,,,,11600000,Y,6.55,309.2,,,,,,,80
4,90C S10C D13 SPC4,13,90,10,,,,,,,,7200000,N,6.59,341.3,,,,,,,60
4,90C S10C D13 SPC5,13,90,10,,,,,,,,6000000,N,6.59,315.3,,,,,,,40
4,75C S3C D14 SPC,14,75,3,,,,,,,,40,N,6.69,321,,,,,,,60
4,75C S3C D14 SPC1,14,75,3,,,,,,,,80,N,6.68,350.8,,,,,,,100
4,85C S3C D14 SPC2,14,85,3,,,,,,,,40,N,6.7,323.1,,,,,,,40
4,85C S3C D14 SPC3,14,85,3,,,,,,,,60,N,6.69,311.2,,,,,,,80
4,90C S3C D14 SPC4,14,90,3,,,,,,,,100,N,6.66,357.3,,,,,,,60
4,90C S3C D14 SPC5,14,90,3,,,,,,,,0,N,6.67,327.5,,,,,,,40
4,75C S6.5C D14 SPC6,14,75,6.5,,,,,,,,240,N,6.72,369.3,,,,,,,60
4,75C S6.5C D14 SPC7,14,75,6.5,,,,,,,,200,N,6.72,337.2,,,,,,,100
4,85C S6.5C D14 SPC9,14,85,6.5,,,,,,,,1520,Y,6.73,326.6,,,,,,,40
4,85C S6.5C D14 SPC10,14,85,6.5,,,,,,,,1820,Y,6.73,331.7,,,,,,,80
4,90C S6.5C D14 SPC11,14,90,6.5,,,,,,,,40,N,6.69,308.5,,,,,,,60
4,90C S6.5C D14 SPC12,14,90,6.5,,,,,,,,40,N,6.7,317.6,,,,,,,40
4,75C S10C D15 SPC,15,75,10,,,,,,,,9000000,Y,6.46,373.2,,,,,,,60
4,75C S10C D15 SPC1,15,75,10,,,,,,,,14000000,Y,6.47,376.1,,,,,,,100
4,85C S10C D15 SPC2,15,85,10,,,,,,,,7800000,Y,6.47,325.9,,,,,,,40
4,85C S10C D15 SPC3,15,85,10,,,,,,,,9400000,Y,6.46,331,,,,,,,80
4,90C S10C D15 SPC4,15,90,10,,,,,,,,24400000,Y,6.51,326.6,,,,,,,60
4,90C S10C D15 SPC5,15,90,10,,,,,,,,29800000,Y,6.52,337.4,,,,,,,40
4,90C S10C D17 SPC,17,90,10,,,,,,,,35000000,Y,6.46,338.3,,,,,,,60
4,90C S10C D17 SPC1,17,90,10,,,,,,,,35800000,Y,6.45,308.6,,,,,,,40
4,75C S3C D21 SPC7,21,75,3,,,,,,,,120,N,6.74,368.1,,,,,,,60
4,75C S3C D21 SPC8,21,75,3,,,,,,,,100,N,6.72,363.4,,,,,,,100
4,85C S3C D21 SPC12,21,85,3,,,,,,,,180,N,6.68,339.5,,,,,,,40
4,85C S3C D21 SPC13,21,85,3,,,,,,,,100,N,6.69,345.6,,,,,,,80
4,90C S3C D21 SPC14,21,90,3,,,,,,,,80,N,6.69,325.2,,,,,,,60
4,90C S3C D21 SPC15,21,90,3,,,,,,,,80,N,6.68,343.3,,,,,,,40
4,75C S6.5C D21 SPC1,21,75,6.5,,,,,,,,262000,Y,6.65,391.2,,,,,,,60
4,75C S6.5C D21 SPC2,21,75,6.5,,,,,,,,306000,Y,6.64,375.6,,,,,,,100
4,85C S6.5C D21 SPC3,21,85,6.5,,,,,,,,1390729,Y,6.64,342.1,,,,,,,40
4,85C S6.5C D21 SPC4,21,85,6.5,,,,,,,,1663907,Y,6.64,341.2,,,,,,,80
4,90C S6.5C D21 SPC5,21,90,6.5,,,,,,,,5384,N,6.66,335.9,,,,,,,60
4,90C S6.5C D21 SPC6,21,90,6.5,,,,,,,,4280,N,6.66,342.7,,,,,,,40
4,75C S3C D28 SPC,28,75,3,,,,,,,,20,N,6.65,399.4,,,,,,,60
4,75C S3C D28 SPC1,28,75,3,,,,,,,,40,N,6.64,408.2,,,,,,,100
4,85C S3C D28 SPC2,28,85,3,,,,,,,,280,N,6.69,361.8,,,,,,,40
4,85C S3C D28 SPC3,28,85,3,,,,,,,,360,N,6.72,371.5,,,,,,,80
4,90C S3C D28 SPC REPLATE,28,90,3,,,,,,,,80,N,6.73,369.5,,,,,,,60
4,90C S3C D28 SPC REPLATE1,28,90,3,,,,,,,,20,N,6.72,371.8,,,,,,,40
4,75C S6.5C D28 SPC,28,75,6.5,,,,,,,,5400000,Y,6.57,429.6,,,,,,,60
4,75C S6.5C D28 SPC1,28,75,6.5,,,,,,,,7400000,Y,6.57,393.8,,,,,,,100
4,85C S6.5C D28 SPC2,28,85,6.5,,,,,,,,14200000,Y,6.48,371.8,,,,,,,40
4,85C S6.5C D28 SPC3,28,85,6.5,,,,,,,,19600000,Y,6.48,373.4,,,,,,,80
4,90C S6.5C D28 SPC5,28,90,6.5,,,,,,,,32000,N,6.69,364.8,,,,,,,60
4,90C S6.5C D28 SPC6,28,90,6.5,,,,,,,,40000,N,6.71,365.7,,,,,,,40
4,75C S3C D35 SPC,35,75,3,,,,,,,,20,N,6.78,395.8,,,,,,,60
4,75C S3C D35 SPC1,35,75,3,,,,,,,,20,N,6.79,403.6,,,,,,,100
4,85C S3C D35 SPC2,35,85,3,,,,,,,,4000,N,6.77,349.7,,,,,,,40
4,85C S3C D35 SPC3,35,85,3,,,,,,,,4800,N,6.77,356.7,,,,,,,80
4,90C S3C D35 SPC4,35,90,3,,,,,,,,60,N,6.71,373.7,,,,,,,60
4,90C S3C D35 SPC5,35,90,3,,,,,,,,40,N,6.72,367.5,,,,,,,40
4,75C S6.5C D35 SPC6,35,75,6.5,,,,,,,,3140000,Y,6.32,420.1,,,,,,,60
4,75C S6.5C D35 SPC7,35,75,6.5,,,,,,,,2800000,Y,6.32,406.9,,,,,,,100
4,85C S6.5C D35 SPC8,35,85,6.5,,,,,,,,1320000,Y,6.29,405.1,,,,,,,40
4,85C S6.5C D35 SPC9,35,85,6.5,,,,,,,,900000,Y,6.29,469.4,,,,,,,80
4,85C S3C D42 SPC2,42,85,3,,,,,,,,8791.748047,Y,6.85,349.9,,,,,,,40
4,85C S3C D42 SPC3,42,85,3,,,,,,,,5569.307129,Y,6.83,355.7,,,,,,,80
4,90C S3C D42 SPC4,42,90,3,,,,,,,,840,N,6.76,362.4,,,,,,,60
4,90C S3C D42 SPC5,42,90,3,,,,,,,,840,N,6.75,356.7,,,,,,,40
4,90C S6.5C D42 SPC6,42,90,6.5,,,,,,,,1060903.75,N,6.67,361.8,,,,,,,60
4,90C S6.5C D42 SPC7,42,90,6.5,,,,,,,,1105108,N,6.67,359.8,,,,,,,40
1,LPC SPC7,,,,8000,120,,,,,,,,,,,,,,,,
1,LPC SPC6,,,,8000,100,,,,,,,,,,,,,,,,
1,PI SPC9,,,,,,,,,,7858.545898,,,,,,,,,,,
1,PI SPC8,,,,,,,,,,8546.168945,,,,,,,,,,,
1,PSC CD10 SPC9,,,,,,,,0,,,,,,,,,,,,,
1,PSC CD10 SPC8,,,,,,,,0,,,,,,,,,,,,,
1,PSC CD10 SPC7,,,,,,,,0,,,,,,,,,,,,,
1,PSC CD10 SPC6,,,,,,,,0,,,,,,,,,,,,,
1,PSC CD10 SPC5,,,,,,,,0,,,,,,,,,,,,,
1,PSC CD10 SPC4,,,,,,,,0,,,,,,,,,,,,,
1,PSC CD10 SPC3,,,,,,,,0,,,,,,,,,,,,,
1,PSC CD10 SPC2,,,,,,,,0,,,,,,,,,,,,,
1,PSC CD10 SPC1,,,,,,,,0,,,,,,,,,,,,,
1,PSC CD10 SPC,,,,,,,,0,,,,,,,,,,,,,
1,MSC SPC8 Recount,,,,,,48.68624496,0,,,,,,,,,,,,,,
1,MSC SPC7 Recount,,,,,,8.312285423,60,,,,,,,,,,,,,,
1,MSC SPC6 Recount,,,,,,9.499754906,99,,,,,,,,,,,,,,
1,MSC SPC5 Recount,,,,,,14.24963284,50,,,,,,,,,,,,,,
1,MSC SPC4 Recount,,,,,,9.499754906,25,,,,,,,,,,,,,,
1,MSC SPC2 Recount,,,,,,30.87420464,80,,,,,,,,,,,,,,
1,MSC SPC9,,,,,,9.499754906,0,,,,,,,,,,,,,,
1,MSC SPC3,,,,,,10.68722439,0,,,,,,,,,,,,,,
1,MSC SPC1,,,,,,13.06216335,0,,,,,,,,,,,,,,
1,MSC SPC,,,,,,16.62457085,0,,,,,,,,,,,,,,
1,PSC CD21 SPC9,,,,,,,,,0,,,,,,,,,,,,
1,PSC CD21 SPC8,,,,,,,,,0,,,,,,,,,,,,
1,PSC CD21 SPC7,,,,,,,,,0,,,,,,,,,,,,
1,PSC CD21 SPC6,,,,,,,,,0,,,,,,,,,,,,
1,PSC CD21 SPC5,,,,,,,,,0,,,,,,,,,,,,
1,PSC CD21 SPC4,,,,,,,,,0,,,,,,,,,,,,
1,PSC CD21 SPC3,,,,,,,,,0,,,,,,,,,,,,
1,PSC CD21 SPC2,,,,,,,,,0,,,,,,,,,,,,
1,PSC CD21 SPC1,,,,,,,,,0,,,,,,,,,,,,
2,MSC1,,,,,,1.187469363,100,,,,,,,,,,,,,,
2,MSC2,,,,,,2.374938726,90,,,,,,,,,,,,,,
2,MSC4,,,,,,4.749877453,90,,,,,,,,,,,,,,
2,MSC3,,,,,,7.124816418,30,,,,,,,,,,,,,,
2,MSC5,,,,,,9.499754906,80,,,,,,,,,,,,,,
2,MSC6,,,,,,7.124816418,0,,,,,,,,,,,,,,
2,MSC7,,,,,,1.187469363,100,,,,,,,,,,,,,,
2,MSC8,,,,,,5.937346935,0,,,,,,,,,,,,,,
2,MSC9,,,,,,5.937346935,75,,,,,,,,,,,,,,
2,MSC10,,,,,,15.43710232,0,,,,,,,,,,,,,,
2,PI SPC,,,,,,,,,,19600000,,,,,,,,,,,
2,PI SPC1,,,,,,,,,,25600000,,,,,,,,,,,
2,Raw Milk SPC,,,,2763975,,,,,,,,,,,,,,,,,
2,Raw Milk SPC1,,,,2531055.75,,,,,,,,,,,,,,,,,
2,LPC SPC2,,,,,220,,,,,,,,,,,,,,,,
2,LPC SPC3,,,,,180,,,,,,,,,,,,,,,,
2,D10 PSC 10,,,,,,,,0,,,,,,,,,,,,,
2,D10 PSC 9,,,,,,,,0,,,,,,,,,,,,,
2,D10 PSC 8,,,,,,,,0,,,,,,,,,,,,,
2,Recount D10 PSC 7,,,,,,,,0,,,,,,,,,,,,,
2,D10 PSC 6,,,,,,,,0,,,,,,,,,,,,,
2,D10 PSC 5,,,,,,,,0,,,,,,,,,,,,,
2,D10 PSC 4,,,,,,,,0,,,,,,,,,,,,,
2,D10 PSC 3,,,,,,,,0,,,,,,,,,,,,,
2,D10 PSC 2,,,,,,,,0,,,,,,,,,,,,,
2,D10 PSC 1,,,,,,,,0,,,,,,,,,,,,,
2,D21 PSC 10,,,,,,,,,0,,,,,,,,,,,,
2,D21 PSC 9,,,,,,,,,0,,,,,,,,,,,,
2,D21 PSC 8,,,,,,,,,0,,,,,,,,,,,,
2,D21 PSC 7,,,,,,,,,0,,,,,,,,,,,,
2,D21 PSC 6,,,,,,,,,1.187469363,,,,,,,,,,,,
2,D21 PSC 5,,,,,,,,,0,,,,,,,,,,,,
2,D21 PSC 4,,,,,,,,,0,,,,,,,,,,,,
2,D21 PSC 3,,,,,,,,,0,,,,,,,,,,,,
2,D21 PSC 2,,,,,,,,,1.187469363,,,,,,,,,,,,
2,D21 PSC 1,,,,,,,,,0,,,,,,,,,,,,
3,MSC 10,,,,,,8.312285423,0,,,,,,,,,,,,,,
3,MSC 9,,,,,,4.749877453,75,,,,,,,,,,,,,,
3,MSC 8,,,,,,16.62457085,0,,,,,,,,,,,,,,
3,MSC 7,,,,,,5.937346935,0,,,,,,,,,,,,,,
3,MSC 6,,,,,,7.124816418,50,,,,,,,,,,,,,,
3,MSC 5,,,,,,11.87469387,0,,,,,,,,,,,,,,
3,MSC 4,,,,,,11.87469387,0,,,,,,,,,,,,,,
3,MSC 3,,,,,,15.43710232,25,,,,,,,,,,,,,,
3,MSC 2,,,,,,4.749877453,80,,,,,,,,,,,,,,
3,MSC 1,,,,,,1.187469363,0,,,,,,,,,,,,,,
3,LPC SPC3,,,,,180,,,,,,,,,,,,,,,,
3,LPC SPC2,,,,,80,,,,,,,,,,,,,,,,
3,PI SPC1,,,,,,,,,,10200000,,,,,,,,,,,
3,PI SPC,,,,,,,,,,12200000,,,,,,,,,,,
3,Raw Milk APC1,,,,24000,,,,,,,,,,,,,,,,,
3,Raw Milk APC,,,,16000,,,,,,,,,,,,,,,,,
3,PSC D10 1,,,,,,,,0,,,,,,,,,,,,,
3,PSC D10 2,,,,,,,,0,,,,,,,,,,,,,
3,PSC D10 5,,,,,,,,0,,,,,,,,,,,,,
3,PSC D10 4,,,,,,,,0,,,,,,,,,,,,,
3,PSC D10 3,,,,,,,,0,,,,,,,,,,,,,
3,PSC D10 6,,,,,,,,0,,,,,,,,,,,,,
3,PSC D10 7,,,,,,,,0,,,,,,,,,,,,,
3,PSC D10 8,,,,,,,,0,,,,,,,,,,,,,
3,PSC D10 9,,,,,,,,0,,,,,,,,,,,,,
3,PSC D10 10,,,,,,,,0,,,,,,,,,,,,,
3,PSC Day 21 1,,,,,,,,,0,,,,,,,,,,,,
3,PSC Day 21 4,,,,,,,,,0,,,,,,,,,,,,
3,PSC Day 21 3,,,,,,,,,0,,,,,,,,,,,,
3,PSC Day 21 2,,,,,,,,,0,,,,,,,,,,,,
3,PSC Day 21 9,,,,,,,,,0,,,,,,,,,,,,
3,PSC Day 21 8,,,,,,,,,0,,,,,,,,,,,,
3,PSC Day 21 7,,,,,,,,,0,,,,,,,,,,,,
3,PSC Day 21 6,,,,,,,,,0,,,,,,,,,,,,
3,PSC Day 21 5,,,,,,,,,0,,,,,,,,,,,,
3,PSC Day 21 10,,,,,,,,,0,,,,,,,,,,,,
4,Raw Milk APC,,,,9381.139648,,,,,,,,,,,,,,,,,
4,Raw Milk APC1,,,,8300.588867,,,,,,,,,,,,,,,,,
4,MSC SPC1,,,,,,11.87469387,0,,,,,,,,,,,,,,
4,MSC SPC2,,,,,,1.187469363,0,,,,,,,,,,,,,,
4,MSC SPC4,,,,,,1.187469363,0,,,,,,,,,,,,,,
4,MSC SPC3,,,,,,2.374938726,0,,,,,,,,,,,,,,
4,MSC SPC5,,,,,,1.187469363,90,,,,,,,,,,,,,,
4,MSC SPC6,,,,,,1.187469363,25,,,,,,,,,,,,,,
4,MSC SPC7,,,,,,0,0,,,,,,,,,,,,,,
4,MSC SPC8,,,,,,2.374938726,0,,,,,,,,,,,,,,
4,MSC SPC9,,,,,,2.374938726,100,,,,,,,,,,,,,,
4,MSC SPC10,,,,,,3.562408209,0,,,,,,,,,,,,,,
4,LPC SPC,,,,,140,,,,,,,,,,,,,,,,
4,LPC SPC1,,,,,60,,,,,,,,,,,,,,,,
4,PI SPC,,,,,,,,,,48000,,,,,,,,,,,
4,PI SPC1,,,,,,,,,,82000,,,,,,,,,,,
4,PSC Day 10-1,,,,,,,,0,,,,,,,,,,,,,
4,PSC Day 10-2,,,,,,,,0,,,,,,,,,,,,,
4,PSC Day 10-3,,,,,,,,0,,,,,,,,,,,,,
4,PSC Day 10-4,,,,,,,,0,,,,,,,,,,,,,
4,PSC Day 10-5,,,,,,,,0,,,,,,,,,,,,,
4,PSC Day 10-6,,,,,,,,0,,,,,,,,,,,,,
4,PSC Day 10-7,,,,,,,,0,,,,,,,,,,,,,
4,PSC Day 10-8,,,,,,,,0,,,,,,,,,,,,,
4,PSC Day 10-9,,,,,,,,0,,,,,,,,,,,,,
4,PSC Day 10-10,,,,,,,,0,,,,,,,,,,,,,
4,PSC Day 21-1,,,,,,,,,0,,,,,,,,,,,,
4,PSC Day 21-2,,,,,,,,,0,,,,,,,,,,,,
4,PSC Day 21-3,,,,,,,,,0,,,,,,,,,,,,
4,PSC Day 21-4,,,,,,,,,0,,,,,,,,,,,,
4,PSC Day 21-5,,,,,,,,,0,,,,,,,,,,,,
4,PSC Day 21-6,,,,,,,,,0,,,,,,,,,,,,
4,PSC Day 21-7,,,,,,,,,0,,,,,,,,,,,,
4,PSC Day 21-8,,,,,,,,,0,,,,,,,,,,,,
4,PSC Day 21-9,,,,,,,,,0,,,,,,,,,,,,
4,PSC Day 21-10,,,,,,,,,0,,,,,,,,,,,,
1,,28,75,3,,,,,,,,,,,,,L8-0168,Bacillus,licheniformis,1,1,
1,,21,85,3,,,,,,,,,,,,,L8-0136,Bacillus,licheniformis,1,1,
1,,35,85,3,,,,,,,,,,,,,L8-0188,Bacillus,licheniformis,1,1,
1,,28,90,3,,,,,,,,,,,,,L8-0171,Bacillus,licheniformis,1,1,
1,,35,90,3,,,,,,,,,,,,,L8-0191,Bacillus,licheniformis,1,1,
1,,28,75,6.5,,,,,,,,,,,,,L8-0174,Bacillus,licheniformis,1,1,
1,,21,90,6.5,,,,,,,,,,,,,L8-0148,Bacillus,licheniformis,1,1,
1,,21,90,6.5,,,,,,,,,,,,,L8-0149,Bacillus,licheniformis,1,1,
1,,35,90,6.5,,,,,,,,,,,,,L8-0196,Bacillus,licheniformis,1,1,
2,,13,75,10,,,,,,,,,,,,,L8-0286,Bacillus,licheniformis,1,1,
2,,11,85,10,,,,,,,,,,,,,L8-0283,Bacillus,licheniformis,1,1,
4,,7,75,3,,,,,,,,,,,,,L8-0559,Bacillus,licheniformis,1,1,
4,,21,75,3,,,,,,,,,,,,,L8-0651,Bacillus,licheniformis,1,1,
4,,42,85,3,,,,,,,,,,,,,L8-0705,Bacillus,licheniformis,1,1,
4,,21,90,3,,,,,,,,,,,,,L8-0660,Bacillus,licheniformis,1,1,
4,,42,90,3,,,,,,,,,,,,,L8-0711,Bacillus,licheniformis,1,1,
1,,0,0,0,,,,,,,,,,,,,L8-0071,Bacillus,licheniformis,1,,
1,,1,75,0,,,,,,,,,,,,,L8-0080,Bacillus,licheniformis,1,,
1,,1,75,0,,,,,,,,,,,,,L8-0081,Bacillus,licheniformis,1,,
1,,1,85,0,,,,,,,,,,,,,L8-0082,Bacillus,licheniformis,1,,
1,,1,90,0,,,,,,,,,,,,,L8-0083,Bacillus,licheniformis,1,,
1,,28,90,6.5,,,,,,,,,,,,,L8-0176,Bacillus,licheniformis,1,,
1,,28,90,6.5,,,,,,,,,,,,,L8-0177,Bacillus,licheniformis,1,,
2,,0,0,0,,,,,,,,,,,,,L8-0214,Bacillus,licheniformis,1,,
2,,0,0,0,,,,,,,,,,,,,L8-0216,Bacillus,licheniformis,1,,
2,,1,75,0,,,,,,,,,,,,,L8-0219,Bacillus,licheniformis,1,,
2,,1,75,0,,,,,,,,,,,,,L8-0220,Bacillus,licheniformis,1,,
2,,1,85,0,,,,,,,,,,,,,L8-0223,Bacillus,licheniformis,1,,
2,,1,85,0,,,,,,,,,,,,,L8-0224,Bacillus,licheniformis,1,,
2,,1,90,0,,,,,,,,,,,,,L8-0226,Bacillus,licheniformis,1,,
3,,0,0,0,,,,,,,,,,,,,L8-0349,Bacillus,licheniformis,1,,
3,,1,85,0,,,,,,,,,,,,,L8-0360,Bacillus,licheniformis,1,,
3,,1,90,0,,,,,,,,,,,,,L8-0362,Bacillus,licheniformis,1,,
4,,0,0,0,,,,,,,,,,,,,L8-0519,Bacillus,licheniformis,1,,
4,,0,0,0,,,,,,,,,,,,,L8-0521,Bacillus,licheniformis,1,,
4,,1,75,0,,,,,,,,,,,,,L8-0525,Bacillus,licheniformis,1,,
4,,1,75,0,,,,,,,,,,,,,L8-0527,Bacillus,licheniformis,1,,
4,,1,85,0,,,,,,,,,,,,,L8-0531,Bacillus,licheniformis,1,,
4,,1,85,0,,,,,,,,,,,,,L8-0532,Bacillus,licheniformis,1,,
4,,1,90,0,,,,,,,,,,,,,L8-0535,Bacillus,licheniformis,1,,
4,,1,90,0,,,,,,,,,,,,,L8-0536,Bacillus,licheniformis,1,,
1,,35,75,3,,,,,,,,,,,,,L8-0186,Bacillus,licheniformis,6,1,
2,,1,90,0,,,,,,,,,,,,,L8-0225,Bacillus,licheniformis,6,,
2,,21,90,6.5,,,,,,,,,,,,,L8-0323,Paenibacillus,odorifer,7,1,
2,,17,90,10,,,,,,,,,,,,,L8-0314,Paenibacillus,odorifer,7,1,
1,,0,0,0,,,,,,,,,,,,,L8-0069,Bacillus,licheniformis,9,,
3,,28,75,6.5,,,,,,,,,,,,,L8-0493,Paenibacillus,odorifer,11,1,
1,,35,75,6.5,,,,,,,,,,,,,L8-0194,Paenibacillus,odorifer,15,1,
1,,35,75,10,,,,,,,,,,,,,L8-0200,Paenibacillus,odorifer,15,1,
2,,35,75,6.5,,,,,,,,,,,,,L8-0339,Paenibacillus,odorifer,15,1,
2,,28,90,6.5,,,,,,,,,,,,,L8-0334,Paenibacillus,odorifer,15,1,
2,,15,90,10,,,,,,,,,,,,,L8-0311,Paenibacillus,odorifer,15,1,
3,,42,75,3,,,,,,,,,,,,,L8-0506,Paenibacillus,odorifer,15,1,
3,,28,85,3,,,,,,,,,,,,,L8-0490,Paenibacillus,odorifer,15,1,
3,,21,85,6.5,,,,,,,,,,,,,L8-0488,Paenibacillus,odorifer,15,1,
3,,13,90,10,,,,,,,,,,,,,L8-0443,Paenibacillus,odorifer,15,1,
4,,21,90,3,,,,,,,,,,,,,L8-0662,Paenibacillus,odorifer,15,1,
4,,35,85,3,,,,,,,,,,,,,L8-0694,Paenibacillus,odorifer,21,1,
4,,35,85,3,,,,,,,,,,,,,L8-0695,Paenibacillus,odorifer,21,1,
4,,35,85,3,,,,,,,,,,,,,L8-0696,Paenibacillus,odorifer,21,1,
4,,42,85,3,,,,,,,,,,,,,L8-0707,Paenibacillus,odorifer,21,1,
1,,35,90,3,,,,,,,,,,,,,L8-0190,Paenibacillus,odorifer,27,1,
1,,35,90,3,,,,,,,,,,,,,L8-0192,Paenibacillus,odorifer,27,1,
1,,21,90,6.5,,,,,,,,,,,,,L8-0150,Paenibacillus,odorifer,27,1,
2,,28,75,6.5,,,,,,,,,,,,,L8-0332,Paenibacillus,odorifer,27,1,
4,,42,90,3,,,,,,,,,,,,,L8-0709,Paenibacillus,odorifer,27,1,
1,,28,90,6.5,,,,,,,,,,,,,L8-0178,Paenibacillus,odorifer,27,,
3,,35,90,3,,,,,,,,,,,,,L8-0499,Paenibacillus,odorifer,32,1,
3,,11,75,10,,,,,,,,,,,,,L8-0428,Paenibacillus,odorifer,32,1,
3,,11,75,10,,,,,,,,,,,,,L8-0429,Paenibacillus,odorifer,32,1,
3,,11,75,10,,,,,,,,,,,,,L8-0430,Paenibacillus,odorifer,32,1,
4,,42,85,3,,,,,,,,,,,,,L8-0706,Paenibacillus,odorifer,36,1,
4,,42,85,3,,,,,,,,,,,,,L8-0708,Paenibacillus,odorifer,36,1,
3,,11,90,10,,,,,,,,,,,,,L8-0436,Paenibacillus,sp. 1,42,1,
3,,35,75,3,,,,,,,,,,,,,L8-0496,Paenibacillus,odorifer,50,1,
3,,28,85,6.5,,,,,,,,,,,,,L8-0494,Paenibacillus,odorifer,50,1,
4,,13,75,10,,,,,,,,,,,,,L8-0608,Bacillus,mosaicus,61,1,
4,,15,85,10,,,,,,,,,,,,,L8-0642,Bacillus,mosaicus,61,1,
4,,28,85,6.5,,,,,,,,,,,,,L8-0689,Paenibacillus,cf_peoriae,67,1,
4,,28,85,6.5,,,,,,,,,,,,,L8-0690,Paenibacillus,cf_peoriae,67,1,
4,,13,75,10,,,,,,,,,,,,,L8-0609,Paenibacillus,cf_peoriae,67,1,
4,,13,85,10,,,,,,,,,,,,,L8-0613,Paenibacillus,cf_peoriae,67,1,
3,,15,90,10,,,,,,,,,,,,,L8-0465,Paenibacillus,cf_peoriae,67,,
4,,1,90,0,,,,,,,,,,,,,L8-0533,Bacillus,safensis,70,,
4,,1,90,0,,,,,,,,,,,,,L8-0534,Bacillus,safensis,70,,
2,,28,85,6.5,,,,,,,,,,,,,L8-0333,Paenibacillus,odorifer,74,1,
4,,28,90,6.5,,,,,,,,,,,,,L8-0693,Paenibacillus,sp. 1,77,1,
3,,11,90,10,,,,,,,,,,,,,L8-0435,Paenibacillus,amylolyticus_sl,111,1,
1,,35,75,3,,,,,,,,,,,,,L8-0187,Bacillus,safensis,124,1,
1,,21,85,3,,,,,,,,,,,,,L8-0135,Bacillus,safensis,124,1,
2,,17,90,10,,,,,,,,,,,,,L8-0315,Bacillus,toyonensis,129,1,
1,,35,85,3,,,,,,,,,,,,,L8-0189,Bacillus,safensis,140,1,
4,,21,90,3,,,,,,,,,,,,,L8-0661,Bacillus,safensis,140,1,
1,,0,0,0,,,,,,,,,,,,,L8-0070,Bacillus,safensis,140,,
4,,21,75,3,,,,,,,,,,,,,L8-0654,Bacillus,safensis,141,1,
3,,1,85,0,,,,,,,,,,,,,L8-0359,Bacillus,safensis,141,,
1,,35,75,6.5,,,,,,,,,,,,,L8-0193,Bacillus,paralicheniformis,215,1,
4,,7,75,3,,,,,,,,,,,,,L8-0560,Bacillus,paralicheniformis,215,1,
3,,1,85,0,,,,,,,,,,,,,L8-0361,Bacillus,paralicheniformis,215,,
4,,1,75,0,,,,,,,,,,,,,L8-0529,Bacillus,paralicheniformis,215,,
1,,14,75,10,,,,,,,,,,,,,L8-0121,Paenibacillus,cf_peoriae,239,1,
3,,13,85,10,,,,,,,,,,,,,L8-0441,Paenibacillus,cf_peoriae,239,1,
4,,28,75,6.5,,,,,,,,,,,,,L8-0686,Paenibacillus,cf_peoriae,239,1,
4,,28,75,6.5,,,,,,,,,,,,,L8-0687,Paenibacillus,cf_peoriae,239,1,
4,,28,75,6.5,,,,,,,,,,,,,L8-0688,Paenibacillus,cf_peoriae,239,1,
4,,13,75,10,,,,,,,,,,,,,L8-0610,Paenibacillus,cf_peoriae,239,1,
4,,13,85,10,,,,,,,,,,,,,L8-0612,Paenibacillus,cf_peoriae,239,1,
4,,15,90,10,,,,,,,,,,,,,L8-0644,Paenibacillus,cf_peoriae,239,1,
4,,17,90,10,,,,,,,,,,,,,L8-0649,Paenibacillus,cf_peoriae,239,1,
1,,28,75,3,,,,,,,,,,,,,L8-0167,Bacillus,safensis,254,1,
1,,14,75,10,,,,,,,,,,,,,L8-0122,Bacillus,cereus s.s.,277,1,
1,,21,85,10,,,,,,,,,,,,,L8-0152,Bacillus,cereus s.s.,277,1,
1,,21,85,10,,,,,,,,,,,,,L8-0153,Bacillus,cereus s.s.,277,1,
3,,11,90,10,,,,,,,,,,,,,L8-0437,Bacillus,cereus s.s.,277,1,
3,,0,0,0,,,,,,,,,,,,,L8-0347,Bacillus,cereus s.s.,277,,
1,,7,90,10,,,,,,,,,,,,,L8-0101,Bacillus,cereus_sl,296,1,
2,,13,85,10,,,,,,,,,,,,,L8-0287,Bacillus,cereus_sl,296,1,
3,,15,75,10,,,,,,,,,,,,,L8-0460,Bacillus,cereus_sl,296,,
1,,35,75,10,,,,,,,,,,,,,L8-0198,Lysinibacillus,sp. 1,299,1,
1,,7,90,10,,,,,,,,,,,,,L8-0100,Lysinibacillus,sp. 1,299,1,
1,,14,90,10,,,,,,,,,,,,,L8-0126,Lysinibacillus,sp. 1,299,1,
3,,11,90,10,,,,,,,,,,,,,L8-0434,Lysinibacillus,sp. 1,299,1,
1,,14,75,10,,,,,,,,,,,,,L8-0123,Lysinibacillus,sp. 1,303,1,
2,,15,90,10,,,,,,,,,,,,,L8-0312,Lysinibacillus,sp. 1,303,1,
2,,15,90,10,,,,,,,,,,,,,L8-0313,Lysinibacillus,sp. 1,303,1,
1,,35,75,10,,,,,,,,,,,,,L8-0199,Bacillus,cereus s.s.,366,1,
3,,13,90,10,,,,,,,,,,,,,L8-0442,Bacillus,cereus s.s.,366,1,
3,,15,90,10,,,,,,,,,,,,,L8-0466,Bacillus,cereus s.s.,366,,
2,,0,0,0,,,,,,,,,,,,,L8-0215,Bacillus,safensis,384,,
3,,13,75,10,,,,,,,,,,,,,L8-0439,Bacillus,mosaicus,410,1,
4,,15,75,10,,,,,,,,,,,,,L8-0637,Bacillus,mosaicus,410,1,
3,,1,75,0,,,,,,,,,,,,,L8-0357,Brevibacillus,sp.,430,,
4,,21,75,3,,,,,,,,,,,,,L8-0653,Paenibacillus,pasadenensis,507,1,
4,,0,0,0,,,,,,,,,,,,,L8-0520,Brevibacillus,borstelensis,518,,
4,,42,90,3,,,,,,,,,,,,,L8-0710,Brevibacillus,borstelensis,519,1,
3,,35,90,6.5,,,,,,,,,,,,,L8-0505,Paenibacillus,odorifer,530,1,
4,,1,75,0,,,,,,,,,,,,,L8-0528,Bacillus,safensis,551,,
3,,0,0,0,,,,,,,,,,,,,L8-0348,Bacillus,subtilis_sl,583,,
3,,1,75,0,,,,,,,,,,,,,L8-0358,Bacillus,subtilis_sl,583,,
2,,1,75,0,,,,,,,,,,,,,L8-0221,Bacillus,halotolerans c.f.,709,,
2,,1,75,0,,,,,,,,,,,,,L8-0222,Bacillus,halotolerans c.f.,709,,
3,,1,75,0,,,,,,,,,,,,,L8-0356,Bacillus,paralicheniformis c.f.,727,,
3,,13,75,10,,,,,,,,,,,,,L8-0502,Paenibacillus,cf_peoriae,750,1,
4,,35,75,6.5,,,,,,,,,,,,,L8-0700,Paenibacillus,cf_peoriae,750,1,
4,,15,85,10,,,,,,,,,,,,,L8-0641,Paenibacillus,cf_peoriae,750,1,
4,,15,90,10,,,,,,,,,,,,,L8-0643,Paenibacillus,cf_peoriae,750,1,
4,,17,90,10,,,,,,,,,,,,,L8-0648,Paenibacillus,cf_peoriae,750,1,
4,,21,75,6.5,,,,,,,,,,,,,L8-0664,Paenibacillus,cf_peoriae,750,,
4,,21,75,6.5,,,,,,,,,,,,,L8-0665,Paenibacillus,cf_peoriae,750,,
2,,11,85,10,,,,,,,,,,,,,L8-0282,Bacillus,cereus s.s.,768,1,
3,,11,85,10,,,,,,,,,,,,,L8-0433,Bacillus,cereus s.s.,768,1,
1,,7,85,10,,,,,,,,,,,,,L8-0097,Bacillus,toyonensis,775,1,
1,,7,85,10,,,,,,,,,,,,,L8-0098,Bacillus,toyonensis,775,1,
1,,7,85,10,,,,,,,,,,,,,L8-0099,Bacillus,toyonensis,775,1,
3,,13,85,10,,,,,,,,,,,,,L8-0440,Bacillus,toyonensis,775,1,
3,,15,85,10,,,,,,,,,,,,,L8-0464,Bacillus,toyonensis,775,,
1,,14,90,10,,,,,,,,,,,,,L8-0127,Paenibacillus,cf_peoriae,776,1,
2,,15,75,10,,,,,,,,,,,,,L8-0308,Paenibacillus,cf_peoriae,776,1,
4,,21,75,6.5,,,,,,,,,,,,,L8-0663,Paenibacillus,cf_peoriae,776,,
4,,35,85,6.5,,,,,,,,,,,,,L8-0701,Paenibacillus,cf_peoriae,776,,
1,,35,85,6.5,,,,,,,,,,,,,L8-0195,Paenibacillus,cf_peoriae,777,1,
1,,35,90,6.5,,,,,,,,,,,,,L8-0197,Paenibacillus,sp. 1,778,1,
2,,35,85,6.5,,,,,,,,,,,,,L8-0340,Paenibacillus,sp. 1,778,1,
2,,13,85,10,,,,,,,,,,,,,L8-0288,Paenibacillus,cf_peoriae,779,1,
3,,11,85,10,,,,,,,,,,,,,L8-0431,Bacillus,mosaicus,780,1,
3,,11,85,10,,,,,,,,,,,,,L8-0432,Paenibacillus,sp. 1,781,1,
3,,11,85,10,,,,,,,,,,,,,L8-0470,Paenibacillus,sp. 1,781,1,
3,,15,75,10,,,,,,,,,,,,,L8-0459,Paenibacillus,sp. 1,782,,
3,,15,85,10,,,,,,,,,,,,,L8-0461,Paenibacillus,amyloltyicus_sl,783,,
3,,15,85,10,,,,,,,,,,,,,L8-0462,Paenibacillus,sp. 1,784,,
3,,15,85,10,,,,,,,,,,,,,L8-0463,Paenibacillus,sp. 1,784,,
3,,15,75,10,,,,,,,,,,,,,L8-0474,Bacillus,mosaicus,785,,
3,,42,85,3,,,,,,,,,,,,,L8-0507,Paenibacillus,etheri,786,1,
1,,28,75,6.5,,,,,,,,,,,,,L8-0173,Bacillus,subtilis_sl,787,1,
4,,1,85,0,,,,,,,,,,,,,L8-0530,Bacillus,subtilis_sl,787,,
4,,7,75,3,,,,,,,,,,,,,L8-0561,Streptococcus,sp,788,1,
4,,1,75,0,,,,,,,,,,,,,L8-0526,Streptococcus,sp.,788,,
4,,13,85,10,,,,,,,,,,,,,L8-0611,Bacillus,mosaicus,789,1,
4,,15,85,10,,,,,,,,,,,,,L8-0640,Bacillus,mosaicus,789,1,
4,,15,75,10,,,,,,,,,,,,,L8-0638,Paenibacillus,cf_peoriae,790,1,
4,,15,75,10,,,,,,,,,,,,,L8-0639,Paenibacillus,cf_peoriae,790,1,
4,,21,90,3,,,,,,,,,,,,,L8-0659,Paenibacillus,lautus,791,1,
4,,21,85,6.5,,,,,,,,,,,,,L8-0666,Paenibacillus,cf_peoriae,792,1,
4,,21,85,6.5,,,,,,,,,,,,,L8-0667,Paenibacillus,cf_peoriae,792,1,
3,,35,75,6.5,,,,,,,,,,,,,L8-0501,Microbacterium,,,1,
4,,21,75,3,,,,,,,,,,,,,L8-0652,Micrococcus,,,1,
1,75C DI SPC1,,75,,,,,,,,,,,,,,,,,,,160
1,75C DI SPC,,75,,,,,,,,,,,,,,,,,,,0
1,85C DI SPC3,,85,,,,,,,,,,,,,,,,,,,40
1,85C DI SPC2,,85,,,,,,,,,,,,,,,,,,,80
1,90C DI SPC5,,90,,,,,,,,,,,,,,,,,,,60
1,90C DI SPC4,,90,,,,,,,,,,,,,,,,,,,40
3,75C DI SPC,,75,,,,,,,,,,,,,,,,,,,80
3,75C DI SPC1,,75,,,,,,,,,,,,,,,,,,,60
3,85C DI SPC2,,85,,,,,,,,,,,,,,,,,,,140
3,85C DI SPC3,,85,,,,,,,,,,,,,,,,,,,120
3,90C DI SPC4,,90,,,,,,,,,,,,,,,,,,,20
3,90C DI SPC5,,90,,,,,,,,,,,,,,,,,,,0
2,75C DI SPC4,,75,,,,,,,,,,,,,,,,,,,120
2,75C DI SPC5,,75,,,,,,,,,,,,,,,,,,,80
2,85C DI SPC7,,85,,,,,,,,,,,,,,,,,,,40
2,85C DI SPC6,,85,,,,,,,,,,,,,,,,,,,0
2,90C DI SPC8,,90,,,,,,,,,,,,,,,,,,,0
2,90C DI SPC9,,90,,,,,,,,,,,,,,,,,,,60
4,75C DI SPC,,75,,,,,,,,,,,,,,,,,,,60
4,75C DI SPC1,,75,,,,,,,,,,,,,,,,,,,100
4,85C DI SPC2,,85,,,,,,,,,,,,,,,,,,,40
4,85C DI SPC3,,85,,,,,,,,,,,,,,,,,,,80
4,90C DI SPC4,,90,,,,,,,,,,,,,,,,,,,60
4,90C DI SPC5,,90,,,,,,,,,,,,,,,,,,,40
