FSL,Genus,Species,project,sample ident,sampleid num,Isolate Source Very Specific,rpoB allelic type
FSL R5-0163,Bacillus,weihenstephanensis,U.S. milk study, ,37741,heat treated 2% fat milk,3
FSL R5-0920,Bacillus,weihenstephanensis,HTST pastuerization temperatures, ,36406,heat treated 2% fat milk,3
FSL P2-0169,Bacillus,weihenstephanensis,Watters Project,1-004,45709,Laboratory Heat Treated Raw Milk,3
FSL P2-0253,Bacillus,weihenstephanensis,Watters Project,1-005B,46635,Laboratory Heat Treated Raw Milk,3
FSL P2-0311,Bacillus,weihenstephanensis,Watters Project,1-009A,47864,Laboratory Heat Treated Raw Milk,3
FSL P2-0351,Bacillus,weihenstephanensis,Watters Project,1-017,47871,Laboratory Heat Treated Raw Milk,3
FSL P2-0364,Bacillus,weihenstephanensis,Watters Project,1-018,47872,Laboratory Heat Treated Raw Milk,3
FSL P4-0117,Bacillus,weihenstephanensis,Watters Project,1-025,48278,Laboratory Heat Treated Raw Milk,3
FSL F4-0079,Bacillus,weihenstephanensis,Pasteurized fluid milk spoilage,1C-32,20741,pasteurized 2% fat milk,3
FSL P2-0039,Bacillus,weihenstephanensis,Watters Project,2-033,45699,Laboratory Heat Treated Raw Milk,3
FSL P2-0078,Bacillus,weihenstephanensis,Watters Project,2-034,45703,Laboratory Heat Treated Raw Milk,3
FSL P2-0431,Bacillus,weihenstephanensis,Watters Project,2-041A,47882,Laboratory Heat Treated Raw Milk,3
FSL P4-0058,Bacillus,weihenstephanensis,Watters Project,2-049,48274,Laboratory Heat Treated Raw Milk,3
FSL P4-0229,Bacillus,weihenstephanensis,Watters Project,3-068,48289,Laboratory Heat Treated Raw Milk,3
FSL P4-0379,Bacillus,weihenstephanensis,Watters Project,3-070,48713,Laboratory Heat Treated Raw Milk,3
FSL H7-0673,Bacillus,weihenstephanensis,Fluid Milk Shelf Life,31 - D 12,28796,Raw milk,3
FSL H7-0904,Bacillus,weihenstephanensis,Fluid Milk Shelf Life,31 - D 16,28854,Raw milk,3
FSL H8-0090,Bacillus,weihenstephanensis,Fluid Milk Shelf Life,31 - D 18,28919,Raw milk,3
FSL H7-0612,Bacillus,weihenstephanensis,Fluid Milk Shelf Life,31 - D 9,28779,Raw milk,3
FSL H7-0676,Bacillus,weihenstephanensis,Fluid Milk Shelf Life,32 - D 12,28797,Raw milk,3
FSL H7-0908,Bacillus,weihenstephanensis,Fluid Milk Shelf Life,32 - D 16,28855,Raw milk,3
FSL H7-0687,Bacillus,weihenstephanensis,Fluid Milk Shelf Life,36 - D 12,28801,Pasteurized 2% milk,3
FSL H7-0920,Bacillus,weihenstephanensis,Fluid Milk Shelf Life,36 - D 16,28859,Pasteurized 2% milk,3
FSL H8-0108,Bacillus,weihenstephanensis,Fluid Milk Shelf Life,36 - D 18,28924,Pasteurized 2% milk,3
FSL H7-0691,Bacillus,weihenstephanensis,Fluid Milk Shelf Life,37 - D 12,28802,Pasteurized 2% milk,3
FSL P2-0464,Bacillus,weihenstephanensis,Watters Project,4-099A,47887,Laboratory Heat Treated Raw Milk,3
FSL P2-0501,Bacillus,weihenstephanensis,Watters Project,4-102,47890,Laboratory Heat Treated Raw Milk,3
FSL P2-0516,Bacillus,weihenstephanensis,Watters Project,4-103,47891,Laboratory Heat Treated Raw Milk,3
FSL P2-0534,Bacillus,weihenstephanensis,Watters Project,4-104,47892,Laboratory Heat Treated Raw Milk,3
FSL P4-0068,Bacillus,weihenstephanensis,Watters Project,4-113,48275,Laboratory Heat Treated Raw Milk,3
FSL P4-0132,Bacillus,weihenstephanensis,Watters Project,4-117,48282,Laboratory Heat Treated Raw Milk,3
FSL P4-0271,Bacillus,weihenstephanensis,Watters Project,4-124,48703,Laboratory Heat Treated Raw Milk,3
FSL P4-0243,Bacillus,weihenstephanensis,Watters Project,4-125,48294,Laboratory Heat Treated Raw Milk,3
FSL P4-0289,Bacillus,weihenstephanensis,Watters Project,4-128,48706,Laboratory Heat Treated Raw Milk,3
FSL P4-0435,Bacillus,weihenstephanensis,Watters Project,4-130,48708,Laboratory Heat Treated Raw Milk,3
FSL P4-0401,Bacillus,weihenstephanensis,Watters Project,4-136,48720,Laboratory Heat Treated Raw Milk,3
FSL P4-0409,Bacillus,weihenstephanensis,Watters Project,4-140,48716,Laboratory Heat Treated Raw Milk,3
FSL P4-0501,Bacillus,weihenstephanensis,Watters Project,4-145,48738,Laboratory Heat Treated Raw Milk,3
FSL J3-0124,Bacillus,weihenstephanensis,Sensory Defects,400_42,60491,Pasteurized Milk,3
FSL J3-0156,Bacillus,weihenstephanensis,Sensory Defects,401_13-1,60504,Pasteurized Milk,3
FSL E2-0208,Bacillus,weihenstephanensis,VSL Spoilage Characterization,419-23,70742,Pasteurized skim milk,3
FSL H8-0066,Bacillus,weihenstephanensis,Fluid Milk Shelf Life,62 - D 12,28911,Pasteurized 2% milk,3
FSL M7-1082,Bacillus,weihenstephanensis,Sporeformer - Longitudinal,A10,66030,Laboratory Heat Treated Raw Milk,3
FSL M7-1559,Bacillus,weihenstephanensis,Sporeformer - Longitudinal,B1,66090,Laboratory Heat Treated Raw Milk,3
FSL M7-1116,Bacillus,weihenstephanensis,Sporeformer - Longitudinal,B10,66018,Laboratory Heat Treated Raw Milk,3
FSL M7-0645,Bacillus,weihenstephanensis,Sporeformer - Longitudinal,B6,66028,Laboratory Heat Treated Raw Milk,3
FSL M7-1417,Bacillus,weihenstephanensis,Sporeformer - Longitudinal,C1,66096,Laboratory Heat Treated Raw Milk,3
FSL M7-1024,Bacillus,weihenstephanensis,Sporeformer - Longitudinal,C9,66066,Laboratory Heat Treated Raw Milk,3
FSL M7-0669,Bacillus,weihenstephanensis,Sporeformer - Longitudinal,D10,66036,Laboratory Heat Treated Raw Milk,3
FSL M7-1185,Bacillus,weihenstephanensis,Sporeformer - Longitudinal,D11,66085,Laboratory Heat Treated Raw Milk,3
FSL M7-0107,Bacillus,weihenstephanensis,Sporeformer - Longitudinal,D2,52516,Laboratory Heat Treated Raw Milk,3
FSL M7-1519,Bacillus,weihenstephanensis,Sporeformer - Longitudinal,D2*,66077,Laboratory Heat Treated Raw Milk,3
FSL M7-0322,Bacillus,weihenstephanensis,Sporeformer - Longitudinal,D3,52523,Laboratory Heat Treated Raw Milk,3
FSL M7-0404,Bacillus,weihenstephanensis,Sporeformer - Longitudinal,D4,52545,Laboratory Heat Treated Raw Milk,3
FSL M7-0737,Bacillus,weihenstephanensis,Sporeformer - Longitudinal,D5,66015,Laboratory Heat Treated Raw Milk,3
FSL M7-0744,Bacillus,weihenstephanensis,Sporeformer - Longitudinal,D6,66026,Laboratory Heat Treated Raw Milk,3
FSL M7-1006,Bacillus,weihenstephanensis,Sporeformer - Longitudinal,D9,66073,Laboratory Heat Treated Raw Milk,3
FSL M7-0052,Bacillus,weihenstephanensis,Sporeformer - Longitudinal,E2,52519,Laboratory Heat Treated Raw Milk,3
FSL M7-0999,Bacillus,weihenstephanensis,Sporeformer - Longitudinal,E9,66074,Laboratory Heat Treated Raw Milk,3
FSL M7-0054,Bacillus,weihenstephanensis,Sporeformer - Longitudinal,F2,52514,Laboratory Heat Treated Raw Milk,3
FSL M7-1163,Bacillus,weihenstephanensis,Sporeformer - Longitudinal,G10,66014,Laboratory Heat Treated Raw Milk,3
FSL M7-1261,Bacillus,weihenstephanensis,Sporeformer - Longitudinal,G11,66084,Laboratory Heat Treated Raw Milk,3
FSL M7-0057,Bacillus,weihenstephanensis,Sporeformer - Longitudinal,G2,52515,Laboratory Heat Treated Raw Milk,3
FSL M7-1069,Bacillus,weihenstephanensis,Sporeformer - Longitudinal,G9,66061,Laboratory Heat Treated Raw Milk,3
FSL M7-1510,Bacillus,weihenstephanensis,Sporeformer - Longitudinal,H2*,66047,Laboratory Heat Treated Raw Milk,3
FSL M7-1246,Bacillus,weihenstephanensis,Sporeformer - Longitudinal,I11,66089,Laboratory Heat Treated Raw Milk,3
FSL M7-1120,Bacillus,weihenstephanensis,Sporeformer - Longitudinal,J10,66075,Laboratory Heat Treated Raw Milk,3
FSL M7-0877,Bacillus,weihenstephanensis,Sporeformer - Longitudinal,J5,66025,Laboratory Heat Treated Raw Milk,3
FSL M7-0881,Bacillus,weihenstephanensis,Sporeformer - Longitudinal,J6,66027,Laboratory Heat Treated Raw Milk,3
FSL M7-0897,Bacillus,weihenstephanensis,Sporeformer - Longitudinal,J8,66064,Laboratory Heat Treated Raw Milk,3
FSL H3-0451,Bacillus,weihenstephanensis,Fluid Milk Shelf Life,Lab#05-203,27373,Raw milk,3
FSL R5-0222,Paenibacillus,sp.,U.S. milk study, ,37793,heat treated 2% fat milk,15
FSL R5-0279,Paenibacillus,sp.,U.S. milk study, ,37849,heat treated 2% fat milk,15
FSL R5-0284,Paenibacillus,sp.,U.S. milk study, ,37853,heat treated 2% fat milk,15
FSL R5-0337,Paenibacillus,sp.,U.S. milk study, ,37906,heat treated 2% fat milk,15
FSL R5-0338,Paenibacillus,sp.,U.S. milk study, ,37907,heat treated 2% fat milk,15
FSL R5-0469,Paenibacillus,sp.,U.S. milk study, ,38036,heat treated 2% fat milk,15
FSL R5-0487,Paenibacillus,sp.,U.S. milk study, ,38054,heat treated 2% fat milk,15
FSL R5-0489,Paenibacillus,sp.,U.S. milk study, ,38056,heat treated 2% fat milk,15
FSL R5-0514,Paenibacillus,sp.,U.S. milk study, ,38081,heat treated 2% fat milk,15
FSL R5-0563,Paenibacillus,sp.,U.S. milk study, ,38127,heat treated 2% fat milk,15
FSL R5-0578,Paenibacillus,sp.,U.S. milk study, ,38142,heat treated 2% fat milk,15
FSL R5-0639,Paenibacillus,sp.,U.S. milk study, ,38200,heat treated 2% fat milk,15
FSL R5-0693,Paenibacillus,sp.,U.S. milk study, ,38252,heat treated 2% fat milk,15
FSL R5-0874,Paenibacillus,sp.,HTST pastuerization temperatures, ,36437,heat treated 2% fat milk,15
FSL R5-0876,Paenibacillus,sp.,HTST pastuerization temperatures, ,36438,heat treated 2% fat milk,15
FSL R5-0877,Paenibacillus,sp.,HTST pastuerization temperatures, ,36439,heat treated 2% fat milk,15
FSL R5-0896,Paenibacillus,sp.,HTST pastuerization temperatures, ,36440,heat treated 2% fat milk,15
FSL R5-0900,Paenibacillus,sp.,HTST pastuerization temperatures, ,36441,heat treated 2% fat milk,15
FSL R5-0917,Paenibacillus,sp.,HTST pastuerization temperatures, ,36442,heat treated 2% fat milk,15
FSL R5-0922,Paenibacillus,sp.,HTST pastuerization temperatures, ,36443,heat treated 2% fat milk,15
FSL R5-0924,Paenibacillus,sp.,HTST pastuerization temperatures, ,36444,heat treated 2% fat milk,15
FSL R5-0932,Paenibacillus,sp.,HTST pastuerization temperatures, ,36445,heat treated 2% fat milk,15
FSL R5-0934,Paenibacillus,sp.,HTST pastuerization temperatures, ,36446,heat treated 2% fat milk,15
FSL R5-0942,Paenibacillus,sp.,HTST pastuerization temperatures, ,36447,heat treated 2% fat milk,15
FSL R7-0036,Paenibacillus,sp.,HTST pastuerization temperatures, ,36448,heat treated 2% fat milk,15
FSL R7-0049,Paenibacillus,sp.,HTST pastuerization temperatures, ,36449,heat treated 2% fat milk,15
FSL R7-0064,Paenibacillus,sp.,HTST pastuerization temperatures, ,36450,heat treated 2% fat milk,15
FSL R7-0065,Paenibacillus,sp.,HTST pastuerization temperatures, ,36451,heat treated 2% fat milk,15
FSL R7-0069,Paenibacillus,sp.,HTST pastuerization temperatures, ,36452,heat treated 2% fat milk,15
FSL R7-0119,Paenibacillus,sp.,HTST pastuerization temperatures, ,36453,heat treated 2% fat milk,15
FSL R7-0124,Paenibacillus,sp.,HTST pastuerization temperatures, ,36454,heat treated 2% fat milk,15
FSL R7-0130,Paenibacillus,sp.,HTST pastuerization temperatures, ,36455,heat treated 2% fat milk,15
FSL R7-0156,Paenibacillus,sp.,HTST pastuerization temperatures, ,36456,heat treated 2% fat milk,15
FSL R7-0173,Paenibacillus,sp.,HTST pastuerization temperatures, ,36457,heat treated 2% fat milk,15
FSL R7-0201,Paenibacillus,sp.,HTST pastuerization temperatures, ,36458,heat treated 2% fat milk,15
FSL R7-0317,Paenibacillus,sp.,HTST pastuerization temperatures, ,36459,heat treated 2% fat milk,15
FSL R7-0318,Paenibacillus,sp.,HTST pastuerization temperatures, ,36460,heat treated 2% fat milk,15
FSL R7-0326,Paenibacillus,sp.,HTST pastuerization temperatures, ,36461,heat treated 2% fat milk,15
FSL P2-0139,Paenibacillus,odorifer,Watters Project,1-001,45700,Laboratory Heat Treated Raw Milk,15
FSL P2-0324,Paenibacillus,odorifer,Watters Project,1-014,47868,Laboratory Heat Treated Raw Milk,15
FSL W7-1087,Paenibacillus,odorifer,Watters Project,1-024,48272,Laboratory Heat Treated Raw Milk,15
FSL P4-0174,Paenibacillus,odorifer,Watters Project,1-025,48278,Laboratory Heat Treated Raw Milk,15
FSL P4-0215,Paenibacillus,odorifer,Watters Project,1-027,48287,Laboratory Heat Treated Raw Milk,15
FSL H8-0553,Paenibacillus,sp.,Fluid Milk Shelf Life,12-D14,32864,Raw milk- untreated whole milk,15
FSL H7-0577,Paenibacillus,sp.,Fluid Milk Shelf Life,20 - D 12,28768,Raw milk,15
FSL H7-0772,Paenibacillus,sp.,Fluid Milk Shelf Life,23 - D 16,28829,Pasteurized 2% milk,15
FSL H7-0592,Paenibacillus,sp.,Fluid Milk Shelf Life,24 - D 12,28772,Pasteurized 2% milk,15
FSL H7-0777,Paenibacillus,sp.,Fluid Milk Shelf Life,24 - D 16,28830,Pasteurized 2% milk,15
FSL H7-0787,Paenibacillus,sp.,Fluid Milk Shelf Life,28 - D 16,28834,Pasteurized 2% milk,15
FSL H8-0044,Paenibacillus,sp.,Fluid Milk Shelf Life,28 - D 21,28904,Pasteurized 2% milk,15
FSL F4-0142,Paenibacillus,sp.,Pasteurized fluid milk spoilage,2B-31,20765,pasteurized 2% fat milk,15
FSL F4-0129,Paenibacillus,odorifer,Pasteurized fluid milk spoilage,2B-32,20766,pasteurized 2% fat milk,15
FSL P2-0443,Paenibacillus,odorifer,Watters Project,3-062,47884,Laboratory Heat Treated Raw Milk,15
FSL W7-1042,Paenibacillus,odorifer,Watters Project,3-064,48270,Laboratory Heat Treated Raw Milk,15
FSL H7-0794,Paenibacillus,sp.,Fluid Milk Shelf Life,30 - D 16,28836,Pasteurized 2% milk,15
FSL H7-0672,Paenibacillus,sp.,Fluid Milk Shelf Life,31 - D 12,28796,Raw milk,15
FSL H8-0092,Paenibacillus,sp.,Fluid Milk Shelf Life,31 - D 18,28919,Raw milk,15
FSL H8-0096,Paenibacillus,sp.,Fluid Milk Shelf Life,33 - D 18,28921,Raw milk,15
FSL F4-0196,Paenibacillus,sp.,Pasteurized fluid milk spoilage,3B-31,21858,pasteurized 2% fat milk,15
FSL F4-0216,Paenibacillus,sp.,Pasteurized fluid milk spoilage,3B-32,21885,pasteurized 2% fat milk,15
FSL P2-0471,Paenibacillus,odorifer,Watters Project,4-099A,47887,Laboratory Heat Treated Raw Milk,15
FSL P2-0515,Paenibacillus,odorifer,Watters Project,4-103,47891,Laboratory Heat Treated Raw Milk,15
FSL P4-0019,Paenibacillus,odorifer,Watters Project,4-113,48275,Laboratory Heat Treated Raw Milk,15
FSL P4-0022,Paenibacillus,odorifer,Watters Project,4-115,48277,Laboratory Heat Treated Raw Milk,15
FSL P4-0192,Paenibacillus,odorifer,Watters Project,4-117,48282,Laboratory Heat Treated Raw Milk,15
FSL P4-0194,Paenibacillus,odorifer,Watters Project,4-118,48283,Laboratory Heat Treated Raw Milk,15
FSL P4-0434,Paenibacillus,odorifer,Watters Project,4-130,48708,Laboratory Heat Treated Raw Milk,15
FSL P4-0342,Paenibacillus,odorifer,Watters Project,4-131,48711,Laboratory Heat Treated Raw Milk,15
FSL P4-0384,Paenibacillus,odorifer,Watters Project,4-134,48714,Laboratory Heat Treated Raw Milk,15
FSL E2-0183,Paenibacillus,odorifer,VSL Spoilage Characterization,418-15,70735,pasteurized fat-free chocolate milk,15
FSL E2-0188,Paenibacillus,odorifer,VSL Spoilage Characterization,418-25,70736,pasteurized fat-free chocolate milk,15
FSL E2-0193,Paenibacillus,odorifer,VSL Spoilage Characterization,418-55,70737,pasteurized fat-free chocolate milk,15
FSL E2-0219,Paenibacillus,odorifer,VSL Spoilage Characterization,419-22-3,70748,pasteurized 2% fat milk,15
FSL E2-0262,Paenibacillus,odorifer,VSL Spoilage Characterization,421-32-1,70765,pasteurized 2% fat milk,15
FSL E2-0280,Paenibacillus,odorifer,VSL Spoilage Characterization,422-35,70774,pasteurized 1% fat chocolate milk,15
FSL H7-0958,Paenibacillus,sp.,Fluid Milk Shelf Life,48 - D 12,28871,Raw milk,15
FSL H8-0140,Paenibacillus,sp.,Fluid Milk Shelf Life,48 - D 16,28936,Raw milk,15
FSL H8-0222,Paenibacillus,sp.,Fluid Milk Shelf Life,48 - D 21,28966,Raw milk,15
FSL F4-0249,Paenibacillus,sp.,Pasteurized fluid milk spoilage,4B-32,21953,pasteurized 2% fat milk,15
FSL H8-0229,Paenibacillus,sp.,Fluid Milk Shelf Life,51 - D 21,28969,Pasteurized 2% milk,15
FSL H8-0160,Paenibacillus,sp.,Fluid Milk Shelf Life,56 - D 16,28944,Pasteurized 2% milk,15
FSL H7-0984,Paenibacillus,sp.,Fluid Milk Shelf Life,58 - D 12,28881,Pasteurized 2% milk,15
FSL H8-0162,Paenibacillus,sp.,Fluid Milk Shelf Life,58 - D 16,28946,Pasteurized 2% milk,15
FSL H8-0237,Paenibacillus,odorifer,Fluid Milk Shelf Life,58 - D 21,28976,Pasteurized 2% milk,15
FSL H8-0058,Paenibacillus,sp.,Fluid Milk Shelf Life,59 - D 12,28908,Raw milk,15
FSL H8-0238,Paenibacillus,sp.,Fluid Milk Shelf Life,59 - D 18,28977,Raw milk,15
FSL H7-0987,Paenibacillus,sp.,Fluid Milk Shelf Life,59 - D 9,28882,Raw milk,15
FSL H8-0061,Paenibacillus,sp.,Fluid Milk Shelf Life,60 - D 12,28909,Raw milk,15
FSL H8-0241,Paenibacillus,sp.,Fluid Milk Shelf Life,60 - D 18,28978,Raw milk,15
FSL H7-0989,Paenibacillus,sp.,Fluid Milk Shelf Life,60 - D 9,28883,Raw milk,15
FSL H8-0062,Paenibacillus,sp.,Fluid Milk Shelf Life,61 - D 12,28910,Raw milk,15
FSL H8-0242,Paenibacillus,sp.,Fluid Milk Shelf Life,61 - D 18,28979,Raw milk,15
FSL H7-0994,Paenibacillus,sp.,Fluid Milk Shelf Life,62 - D 9,28885,Pasteurized 2% milk,15
FSL H8-0070,Paenibacillus,sp.,Fluid Milk Shelf Life,63 - D 12,28912,Pasteurized 2% milk,15
FSL H8-0247,Paenibacillus,sp.,Fluid Milk Shelf Life,63 - D 18,28981,Pasteurized 2% milk,15
FSL H8-0087,Paenibacillus,sp.,Fluid Milk Shelf Life,69 - D 12,28918,Pasteurized 2% milk,15
FSL H8-0528,Paenibacillus,sp.,Fluid Milk Shelf Life,7-D14,32859,Manure,15
FSL H8-0272,Paenibacillus,sp.,Fluid Milk Shelf Life,70 - D 12,28991,Raw milk,15
FSL H8-0311,Paenibacillus,sp.,Fluid Milk Shelf Life,70 - D 18,29003,Raw milk,15
FSL H8-0166,Paenibacillus,sp.,Fluid Milk Shelf Life,70 - D 9,28947,Raw milk,15
FSL H8-0276,Paenibacillus,sp.,Fluid Milk Shelf Life,71 - D 12,28992,Raw milk,15
FSL H8-0313,Paenibacillus,sp.,Fluid Milk Shelf Life,71 - D 18,29004,Raw milk,15
FSL H8-0286,Paenibacillus,sp.,Fluid Milk Shelf Life,75 - D 12,28996,Pasteurized 2% milk,15
FSL M7-0353,Paenibacillus,odorifer,Sporeformer - Longitudinal,A3,52521,Laboratory Heat Treated Raw Milk,15
FSL M7-1473,Paenibacillus,odorifer,Sporeformer - Longitudinal,C1,66096,Laboratory Heat Treated Raw Milk,15
FSL M7-0105,Paenibacillus,odorifer,Sporeformer - Longitudinal,C2,52513,Laboratory Heat Treated Raw Milk,15
FSL M7-1474,Paenibacillus,odorifer,Sporeformer - Longitudinal,D1,66093,Laboratory Heat Treated Raw Milk,15
FSL M7-0204,Paenibacillus,odorifer,Sporeformer - Longitudinal,D3,52523,Laboratory Heat Treated Raw Milk,15
FSL M7-0327,Paenibacillus,odorifer,Sporeformer - Longitudinal,F2*,52525,Laboratory Heat Treated Raw Milk,15
FSL M7-1508,Paenibacillus,odorifer,Sporeformer - Longitudinal,F2*,66024,Laboratory Heat Treated Raw Milk,15
FSL M7-0384,Paenibacillus,odorifer,Sporeformer - Longitudinal,G3,52520,Laboratory Heat Treated Raw Milk,15
FSL H3-0450,Paenibacillus,sp.,Fluid Milk Shelf Life,Lab#05-202,27372,Raw milk,15
FSL H3-0471,Paenibacillus,sp.,Fluid Milk Shelf Life,Lab#05-206,27376,Raw milk,15
FSL H3-0473,Paenibacillus,sp.,Fluid Milk Shelf Life,Lab#05-210,27367,Pasteurized skim milk,15
FSL H3-0273,Paenibacillus,sp.,Fluid Milk Shelf Life,Lab#05-27,25682,Raw milk,15
FSL H3-0312,Paenibacillus,sp.,Fluid Milk Shelf Life,Lab#05-28,25683,Raw milk,15
FSL H3-0275,Paenibacillus,sp.,Fluid Milk Shelf Life,Lab#05-29,25684,Raw milk,15
FSL H3-0277,Paenibacillus,sp.,Fluid Milk Shelf Life,Lab#05-30,25685,Raw milk,15
FSL H3-0315,Paenibacillus,sp.,Fluid Milk Shelf Life,Lab#05-32,25691,Raw milk,15
FSL H3-0316,Paenibacillus,sp.,Fluid Milk Shelf Life,Lab#05-33,25693,Raw milk,15
FSL H3-0323,Paenibacillus,sp.,Fluid Milk Shelf Life,Lab#05-36,25694,Raw milk,15
FSL H3-0289,Paenibacillus,sp.,Fluid Milk Shelf Life,Lab#05-38,25696,Raw milk,15
FSL H3-0292,Paenibacillus,sp.,Fluid Milk Shelf Life,Lab#05-40,25701,Raw milk,15
FSL H3-0328,Paenibacillus,sp.,Fluid Milk Shelf Life,Lab#05-41,25703,Raw milk,15
FSL H3-0330,Paenibacillus,sp.,Fluid Milk Shelf Life,Lab#05-45,25714,Pasteurized 2% milk,15
FSL H3-0307,Paenibacillus,sp.,Fluid Milk Shelf Life,Lab#05-47,25717,Pasteurized skim milk,15
FSL R5-0212,Bacillus,arenosi,U.S. milk study, ,37783,heat treated 2% fat milk,17
FSL R5-0213,Viridibacillus,arenosi,U.S. milk study, ,37784,heat treated 2% fat milk,17
FSL R5-0283,Bacillus,arenosi,U.S. milk study, ,37852,heat treated 2% fat milk,17
FSL R5-0285,Bacillus,arenosi,U.S. milk study, ,37854,heat treated 2% fat milk,17
FSL R5-0288,Bacillus,arenosi,U.S. milk study, ,37857,heat treated 2% fat milk,17
FSL R5-0331,Bacillus,arenosi,U.S. milk study, ,37900,heat treated 2% fat milk,17
FSL R5-0332,Bacillus,arenosi,U.S. milk study, ,37901,heat treated 2% fat milk,17
FSL R5-0333,Bacillus,arenosi,U.S. milk study, ,37902,heat treated 2% fat milk,17
FSL R5-0334,Bacillus,arenosi,U.S. milk study, ,37903,heat treated 2% fat milk,17
FSL R5-0335,Bacillus,arenosi,U.S. milk study, ,37904,heat treated 2% fat milk,17
FSL R5-0336,Bacillus,arenosi,U.S. milk study, ,37905,heat treated 2% fat milk,17
FSL R5-0339,Bacillus,arenosi,U.S. milk study, ,37908,heat treated 2% fat milk,17
FSL R5-0340,Bacillus,arenosi,U.S. milk study, ,37909,heat treated 2% fat milk,17
FSL R5-0477,Bacillus,arenosi,U.S. milk study, ,38044,heat treated 2% fat milk,17
FSL R5-0478,Bacillus,arenosi,U.S. milk study, ,38045,heat treated 2% fat milk,17
FSL R5-0935,Bacillus,arenosi,HTST pastuerization temperatures, ,36463,heat treated 2% fat milk,17
FSL R5-0938,Bacillus,arenosi,HTST pastuerization temperatures, ,36464,heat treated 2% fat milk,17
FSL R7-0206,Bacillus,arenosi,HTST pastuerization temperatures, ,36465,heat treated 2% fat milk,17
FSL R7-0344,Bacillus,arenosi,HTST pastuerization temperatures, ,36466,heat treated 2% fat milk,17
FSL F4-0143,Viridibacillus,arvi/arenosi,Pasteurized fluid milk spoilage,2B-32,20766,pasteurized 2% fat milk,17
FSL F4-0212,Bacillus,sp.,Pasteurized fluid milk spoilage,3C-42,21891,pasteurized 2% fat milk,17
FSL E2-0147,Viridibacillus,arenosi,VSL Sporeformer Characterization,417-34,67956,pasteurized 1% fat milk,17
FSL H7-0945,Bacillus,sp.,Fluid Milk Shelf Life,44 - D 12,28867,Raw milk,17
FSL H8-0129,Bacillus,sp.,Fluid Milk Shelf Life,44 - D 16,28932,Raw milk,17
FSL H8-0215,Bacillus,sp.,Fluid Milk Shelf Life,44 - D 21,28962,Raw milk,17
FSL K6-1273,Viridibacillus,arvi_arenosi,Farm Environmental Sampling,B-BTM-1,73051,bulk tank,17
FSL R7-0277,Paenibacillus,sp.,HTST pastuerization temperatures, ,36568,heat treated 2% fat milk,45
FSL R7-0299,Paenibacillus,sp.,HTST pastuerization temperatures, ,36569,heat treated 2% fat milk,45
FSL P2-0095,Paenibacillus,graminis,Watters Project,2-035,45704,Laboratory Heat Treated Raw Milk,45
FSL H3-0335,Paenibacillus,graminis,Fluid Milk Shelf Life,Lab#05-47,25717,Pasteurized skim milk,45
FSL P2-0416,Bacillus,cereus s.l.,Watters Project,1-019,47880,Laboratory Heat Treated Raw Milk,61
FSL H7-0353,Bacillus,cereus,Fluid Milk Shelf Life,15 - D 12,28729,Pasteurized 2% milk,61
FSL H7-0444,Bacillus,cereus,Fluid Milk Shelf Life,15 - D 16,28745,Pasteurized 2% milk,61
FSL H8-0032,Bacillus,cereus s.l.,Fluid Milk Shelf Life,23 - D 21,28900,Pasteurized 2% milk,61
FSL H8-0049,Bacillus,cereus,Fluid Milk Shelf Life,30 - D 21,28906,Pasteurized 2% milk,61
FSL P2-0558,Bacillus,cereus s.l.,Watters Project,4-106,47894,Laboratory Heat Treated Raw Milk,61
FSL P4-0569,Bacillus,cereus s.l.,Watters Project,4-147,52906,Laboratory Heat Treated Raw Milk,61
FSL M7-0938,Bacillus,cereus s.l.,Sporeformer - Longitudinal,F8,66068,Laboratory Heat Treated Raw Milk,61
FSL M7-1251,Bacillus,cereus s.l.,Sporeformer - Longitudinal,G11,66084,Laboratory Heat Treated Raw Milk,61
FSL M7-0044,Bacillus,cereus s.l.,Sporeformer - Longitudinal,H2,52517,Laboratory Heat Treated Raw Milk,61
FSL M7-0690,Bacillus,cereus s.l.,Sporeformer - Longitudinal,I10,66043,Laboratory Heat Treated Raw Milk,61
FSL W8-0169,Bacillus,cereus s.l.,Powder Plant,T1-1B,60633,Raw milk,61
FSL R5-0195,Paenibacillus,pabuli,U.S. milk study, ,37769,heat treated 2% fat milk,100
FSL R5-0663,Paenibacillus,pabuli,U.S. milk study, ,38223,heat treated 2% fat milk,100
FSL R5-0715,Paenibacillus,pabuli,U.S. milk study, ,38274,heat treated 2% fat milk,100
FSL R5-0716,Paenibacillus,pabuli,U.S. milk study, ,38275,heat treated 2% fat milk,100
FSL R5-0748,Paenibacillus,pabuli,U.S. milk study, ,38305,heat treated 2% fat milk,100
FSL R5-0749,Paenibacillus,pabuli,U.S. milk study, ,38306,heat treated 2% fat milk,100
FSL R5-0751,Paenibacillus,pabuli,U.S. milk study, ,38308,heat treated 2% fat milk,100
FSL H8-0287,Paenibacillus,xylanilyticus/pabuli,Fluid Milk Shelf Life,75 - D 12,28996,Pasteurized 2% milk,100
FSL R7-0131,Paenibacillus,cf. peoriae,HTST pastuerization temperatures, ,36807,heat treated 2% fat milk,179
FSL R7-0192,Paenibacillus,sp.,HTST pastuerization temperatures, ,36808,heat treated 2% fat milk,179
FSL R7-0325,Paenibacillus,sp.,HTST pastuerization temperatures, ,36809,heat treated 2% fat milk,179
FSL R7-0328,Paenibacillus,sp.,HTST pastuerization temperatures, ,36810,heat treated 2% fat milk,179
FSL R7-0329,Paenibacillus,sp.,HTST pastuerization temperatures, ,36811,heat treated 2% fat milk,179
FSL P2-0368,Paenibacillus,cf. peoriae,Watters Project,1-018,47872,Laboratory Heat Treated Raw Milk,179
FSL P2-0421,Paenibacillus,cf. peoriae,Watters Project,1-020,47881,Laboratory Heat Treated Raw Milk,179
FSL W7-1041,Paenibacillus,cf. peoriae,Watters Project,1-021,48266,Laboratory Heat Treated Raw Milk,179
FSL P4-0049,Paenibacillus,cf. peoriae,Watters Project,1-025,48278,Laboratory Heat Treated Raw Milk,179
FSL P2-0060,Paenibacillus,cf. peoriae,Watters Project,2-033,45699,Laboratory Heat Treated Raw Milk,179
FSL W7-1052,Paenibacillus,cf. peoriae,Watters Project,2-046,48264,Laboratory Heat Treated Raw Milk,179
FSL P4-0418,Paenibacillus,cf. peoriae,Watters Project,2-051,48727,Laboratory Heat Treated Raw Milk,179
FSL P4-0222,Paenibacillus,cf. peoriae,Watters Project,3-067,48286,Laboratory Heat Treated Raw Milk,179
FSL P2-0547,Paenibacillus,cf. peoriae,Watters Project,4-105,47893,Laboratory Heat Treated Raw Milk,179
FSL P4-0017,Paenibacillus,cf. peoriae,Watters Project,4-113,48275,Laboratory Heat Treated Raw Milk,179
FSL P4-0212,Paenibacillus,cf. peoriae,Watters Project,4-126,48295,Laboratory Heat Treated Raw Milk,179
FSL E2-0172,Paenibacillus,cf. peoriae,VSL Spoilage Characterization,418-22,70730,pasteurized 2% fat milk,179
FSL E2-0194,Paenibacillus,cf. peoriae,VSL Spoilage Characterization,419-32-4,70738,pasteurized 2% fat milk,179
FSL M7-1347,Paenibacillus,cf. peoriae,Sporeformer - Longitudinal,B2*,66081,Laboratory Heat Treated Raw Milk,179
FSL K6-0130,Unknown,unknown,Powder Farm,B3-1,60679,Laboratory Heat Treated Raw Milk,179
FSL K6-0178,Unknown,unknown,Powder Farm,B8-2,60612,Laboratory Heat Treated Raw Milk,179
FSL M7-1400,Paenibacillus,cf. peoriae,Sporeformer - Longitudinal,C1,66096,Laboratory Heat Treated Raw Milk,179
FSL M7-1123,Paenibacillus,cf. peoriae,Sporeformer - Longitudinal,C10,66044,Laboratory Heat Treated Raw Milk,179
FSL M7-0102,Paenibacillus,cf. peoriae,Sporeformer - Longitudinal,C2,52513,Laboratory Heat Treated Raw Milk,179
FSL M7-0480,Paenibacillus,cf. peoriae,Sporeformer - Longitudinal,C4,52555,Laboratory Heat Treated Raw Milk,179
FSL M7-0673,Paenibacillus,cf. peoriae,Sporeformer - Longitudinal,C4,66035,Laboratory Heat Treated Raw Milk,179
FSL M7-0676,Paenibacillus,cf. peoriae,Sporeformer - Longitudinal,C5,66016,Laboratory Heat Treated Raw Milk,179
FSL M7-0689,Paenibacillus,cf. peoriae,Sporeformer - Longitudinal,C6,66031,Laboratory Heat Treated Raw Milk,179
FSL M7-0981,Paenibacillus,cf. peoriae,Sporeformer - Longitudinal,C8,66065,Laboratory Heat Treated Raw Milk,179
FSL M7-0201,Paenibacillus,cf. peoriae,Sporeformer - Longitudinal,F2*,52525,Laboratory Heat Treated Raw Milk,179
FSL M7-0985,Paenibacillus,cf. peoriae,Sporeformer - Longitudinal,F9,66071,Laboratory Heat Treated Raw Milk,179
FSL M7-0058,Paenibacillus,cf. peoriae,Sporeformer - Longitudinal,G2,52515,Laboratory Heat Treated Raw Milk,179
FSL M7-1544,Paenibacillus,cf. peoriae,Sporeformer - Longitudinal,G2*,66082,Laboratory Heat Treated Raw Milk,179
FSL M7-0387,Paenibacillus,cf. peoriae,Sporeformer - Longitudinal,G3,52520,Laboratory Heat Treated Raw Milk,179
FSL M7-0469,Paenibacillus,cf. peoriae,Sporeformer - Longitudinal,G4,52553,Laboratory Heat Treated Raw Milk,179
FSL M7-1068,Paenibacillus,cf. peoriae,Sporeformer - Longitudinal,G9,66061,Laboratory Heat Treated Raw Milk,179
FSL M7-1125,Paenibacillus,cf. peoriae,Sporeformer - Longitudinal,H10,66080,Laboratory Heat Treated Raw Milk,179
FSL M7-0064,Paenibacillus,cf. peoriae,Sporeformer - Longitudinal,H2,52517,Laboratory Heat Treated Raw Milk,179
FSL M7-0539,Paenibacillus,cf. peoriae,Sporeformer - Longitudinal,H5,66019,Laboratory Heat Treated Raw Milk,179
FSL A5-0030,Paenibacillus,peoriae,Pseudomonas Inoculation,R2 72 D17,58828,milk,179
FSL W7-1044,Paenibacillus,cf. peoriae,Watters Project,10/2/08,48271,Laboratory Heat Treated Raw Milk,340
FSL W7-1085,Paenibacillus,cf. peoriae,Watters Project,1-024,48272,Laboratory Heat Treated Raw Milk,340
FSL J3-0120,Paenibacillus,cf. peoriae,Sensory Defects,400_21,60490,Pasteurized Milk,340
FSL J3-0123,Bacillus,weihenstephanensis,Sensory Defects,400_42,60491,Pasteurized Milk,513
FSL M7-1345,Bacillus,weihenstephanensis,Sporeformer - Longitudinal,G2*,66082,Laboratory Heat Treated Raw Milk,513