Condition,Strain,Dilution,Raw,CFU/mL in 10ml,Day,tnt.cnt.no_growth,Replicate,,,,,,,,
21C,5506,6,2120000000,2.12E+05,Inoculum,cnt,1,,checked,,,,,,
21C,0008,6,1280000000,1.28E+05,Inoculum,cnt,1,,,,,,,,
21C,031,6,2400000000,2.40E+05,Inoculum,cnt,1,,,,,,,,
21C,0506,6,1820000000,1.82E+05,Inoculum,cnt,1,,,,,,,,
21C,5411,5,2160000000,2.16E+05,Inoculum,cnt,1,,,,,,,,
21C,5506,0,17700,1.77E+05,0,cnt,1,,,,,,,,
21C,0008,0,5900,5.90E+04,0,cnt,1,,,,,,,,
21C,031,0,9110,9.11E+04,0,cnt,1,,,,,,,,
21C,0506,0,12800,1.28E+05,0,cnt,1,,,,,,,,
21C,5411,0,10600,1.06E+05,0,cnt,1,,,,,,,,
21C,APC,0,10.2,1.02E+02,0,cnt,1,,checked,,,,,,
21C,MOX,0,0,0.00E+00,0,cnt,1,,,,,,,,
21C,LMPM,0,0,0.00E+00,0,cnt,1,,,,,,,,
21C,5506,1,40800,4.08E+05,1,cnt,1,,,,,,,,
21C,0008,1,40600,4.06E+05,1,cnt,1,,,,,,,,
21C,031,1,26900,2.69E+05,1,cnt,1,,,,,,,,
21C,0506,1,36400,3.64E+05,1,cnt,1,,,,,,,,
21C,5411,0,12600,1.26E+05,1,cnt,1,,,,,,,,
21C,APC,0,40.9,4.09E+02,1,cnt,1,,,,,,,,
21C,MOX,0,0,0.00E+00,1,cnt,1,,,,,,,,
21C,LMPM,0,0,0.00E+00,1,cnt,1,,,,,,,,
21C,5506,2,1870000,1.87E+07,3,cnt,1,,,,,,,,
21C,0008,1,20700,2.07E+05,3,cnt,1,,,,,,,,
21C,031,2,1350000,1.35E+07,3,cnt,1,,,,,,,,
21C,0506,1,280000,2.80E+06,3,cnt,1,,,,,,,,
21C,5411,1,109000,1.09E+06,3,cnt,1,,,,,,,,
21C,APC,0,20.4,2.04E+02,3,cnt,1,,,,,,,,
21C,MOX,0,0,0.00E+00,3,cnt,1,,,,,,,,
21C,LMPM,0,0,0.00E+00,3,cnt,1,,,,,,,,
21C,5506,2,9330000,9.33E+07,4,cnt,1,,,,,,,,
21C,0008,2,4890000,4.89E+07,4,cnt,1,,checked,,,,,,
21C,031,0,8480,8.48E+04,4,cnt,1,,,,,,,,
21C,0506,2,3740000,3.74E+07,4,cnt,1,,,,,,,,
21C,5411,2,552000,5.52E+06,4,cnt,1,,,,,,,,
21C,APC,0,0,0.00E+00,4,cnt,1,,,,,,,,
21C,MOX,0,0,0.00E+00,4,cnt,1,,,,,,,,
21C,LMPM,0,0,0.00E+00,4,cnt,1,,,,,,,,
21C,5506,3,63300000,6.33E+08,7,cnt,1,,,,,,,,
21C,0008,3,14100000,1.41E+08,7,cnt,1,,,,,,,,
21C,031,3,1840000,1.84E+07,7,cnt,1,,,,,,,,
21C,0506,3,5320000,5.32E+07,7,cnt,1,,checked,,,,,,
21C,5411,3,6645000,6.65E+07,7,cnt,1,,,,,,,,
21C,APC,0,0,0.00E+00,7,cnt,1,,,,,,,,
21C,MOX,0,0,0.00E+00,7,cnt,1,,,,,,,,
21C,LMPM,0,0,0.00E+00,7,cnt,1,,,,,,,,
21C,5506,6,2170000000,2.17E+05,Inoculum,cnt,2,,,,,,,,
21C,0008,6,1080000000,1.08E+05,Inoculum,cnt,2,,,,,,,,
21C,031,5,201000000,2.01E+04,Inoculum,cnt,2,,,,,,,,
21C,0506,6,1850000000,1.85E+05,Inoculum,cnt,2,,,,,,,,
21C,5411,6,1840000000,1.84E+05,Inoculum,cnt,2,,,,,,,,
21C,5506,1,12600,1.26E+05,0,cnt,2,,checked,,,,,,
21C,0008,1,21600,2.16E+05,0,cnt,2,,,,,,,,
21C,031,1,17400,1.74E+05,0,cnt,2,,,,,,,,
21C,0506,1,12100,1.21E+05,0,cnt,2,,,,,,,,
21C,5411,0,4240,4.24E+04,0,cnt,2,,,,,,,,
21C,APC,0,130,1.30E+03,0,cnt,2,,,,,,,,
21C,MOX,0,10,1.00E+02,0,cnt,2,,,,,,,,
21C,LMPM,0,0,0.00E+00,0,cnt,2,,,,,,,,
21C,5506,1,154000,1.54E+06,1,cnt,2,,,,,,,,
21C,0008,1,47300,4.73E+05,1,cnt,2,,,,,,,,
21C,031,1,53600,5.36E+05,1,cnt,2,,checked,,,,,,
21C,0506,1,70800,7.08E+05,1,cnt,2,,,,,,,,
21C,5411,1,33200,3.32E+05,1,cnt,2,,,,,,,,
21C,APC,1,311000,3.11E+06,1,cnt,2,,,,,,,,
21C,MOX,0,0,0.00E+00,1,cnt,2,,,,,,,,
21C,LMPM,0,0,0.00E+00,1,cnt,2,,,,,,,,
21C,5506,2,58000,5.80E+05,3,cnt,2,,,,,,,,
21C,0008,3,3720000,3.72E+07,3,cnt,2,,,,,,,,
21C,031,1,42600,4.26E+05,3,cnt,2,,,,,,,,
21C,0506,2,4050000,4.05E+07,3,cnt,2,,,,,,,,
21C,5411,2,140000,1.40E+06,3,cnt,2,,checked,,,,,,
21C,APC,1,,,3,tnt,2,,,,,,,,
21C,MOX,0,0,0.00E+00,3,cnt,2,,,,,,,,
21C,LMPM,0,0,0.00E+00,3,cnt,2,,,,,,,,
21C,5506,2,843000,8.43E+06,4,cnt,2,,,,,,,,
21C,0008,2,2930000,2.93E+07,4,cnt,2,,,,,,,,
21C,031,2,173000,1.73E+06,4,cnt,2,,,,,,,,
21C,0506,2,134000,1.34E+06,4,cnt,2,,,,,,,,
21C,5411,2,730000,7.30E+06,4,cnt,2,,,,,,,,
21C,APC,1,,,4,tnt,2,,,,,,,,
21C,MOX,0,0,0.00E+00,4,cnt,2,,,,,,,,
21C,LMPM,0,0,0.00E+00,4,cnt,2,,,,,,,,
21C,5506,3,3470000,3.47E+07,7,cnt,2,,,,,,,,
21C,0008,4,14800000,1.48E+08,7,cnt,2,,,,,,,,
21C,031,3,5330000,5.33E+07,7,cnt,2,,,,,,,,
21C,0506,3,3250000,3.25E+07,7,cnt,2,,,,,,,,
21C,5411,2,443000,4.43E+06,7,cnt,2,,,,,,,,
21C,APC,1,,,7,tnt,2,,,,,,,,
21C,MOX,0,0,0.00E+00,7,cnt,2,,,,,,,,
21C,LMPM,0,0,0.00E+00,7,cnt,2,,,,,,,,
21C,5506,6,1780000000,1.78E+05,Inoculum,cnt,3,,checked,,,,,,
21C,0008,6,70000000,7.00E+03,Inoculum,cnt,3,,,,,,,,
21C,031,5,171000000,1.71E+04,Inoculum,cnt,3,,,,,,,,
21C,0506,5,8000000,8.00E+02,Inoculum,cnt,3,,,,,,,,
21C,5411,6,1520000000,1.52E+05,Inoculum,cnt,3,,,,,,,,
21C,5506,0,19800,1.98E+05,0,cnt,3,,,,,,,,
21C,0008,0,16100,1.61E+05,0,cnt,3,,,,,,,,
21C,031,0,1480,1.48E+04,0,cnt,3,,,,,,,,
21C,0506,0,11900,1.19E+05,0,cnt,3,,,,,,,,
21C,5411,0,9460,9.46E+04,0,cnt,3,,,,,,,,
21C,APC,0,110,1.10E+03,0,cnt,3,,checked,,,,,,
21C,MOX,0,0,0.00E+00,0,cnt,3,,,,,,,,
21C,LMPM,0,0,0.00E+00,0,cnt,3,,,,,,,,
21C,5506,1,35200,3.52E+05,1,cnt,3,,,,,,,,
21C,0008,1,32800,3.28E+05,1,cnt,3,,,,,,,,
21C,031,1,20300,2.03E+05,1,cnt,3,,,,,,,,
21C,0506,1,16300,1.63E+05,1,cnt,3,,,,,,,,
21C,5411,1,16100,1.61E+05,1,cnt,3,,,,,,,,
21C,APC,1,40,4.00E+02,1,cnt,3,,,,,,,,
21C,MOX,0,0,0.00E+00,1,cnt,3,,,,,,,,
21C,LMPM,0,0,0.00E+00,1,cnt,3,,,,,,,,
21C,5506,2,119000,1.19E+06,3,cnt,3,,,,,,,,
21C,0008,2,212000,2.12E+06,3,cnt,3,,,,,,,,
21C,031,2,957000,9.57E+06,3,cnt,3,,,,,,,,
21C,0506,2,572000,5.72E+06,3,cnt,3,,,,,,,,
21C,5411,1,171000,1.71E+06,3,cnt,3,,,,,,,,
21C,APC,0,70,7.00E+02,3,cnt,3,,,,,,,,
21C,MOX,0,0,0.00E+00,3,cnt,3,,,,,,,,
21C,LMPM,0,0,0.00E+00,3,cnt,3,,,,,,,,
21C,5506,2,62000,6.20E+05,4,cnt,3,,,,,,,,
21C,0008,2,8780000,8.78E+07,4,cnt,3,,checked,,,,,,
21C,031,2,862000,8.62E+06,4,cnt,3,,,,,,,,
21C,0506,2,1070000,1.07E+07,4,cnt,3,,,,,,,,
21C,5411,2,373000,3.73E+06,4,cnt,3,,,,,,,,
21C,APC,0,90,9.00E+02,4,cnt,3,,,,,,,,
21C,MOX,0,0,0.00E+00,4,cnt,3,,,,,,,,
21C,LMPM,0,0,0.00E+00,4,cnt,3,,,,,,,,
21C,5506,2,417000,4.17E+06,7,cnt,3,,,,,,,,
21C,0008,2,330000,3.30E+06,7,cnt,3,,,,,,,,
21C,031,2,1490000,1.49E+07,7,cnt,3,,,,,,,,
21C,0506,3,1790000,1.79E+07,7,cnt,3,,checked,,,,,,
21C,5411,2,99000,9.90E+05,7,cnt,3,,,,,,,,
21C,APC,0,176000,1.76E+06,7,cnt,3,,,,,,,,
21C,MOX,0,0,0.00E+00,7,cnt,3,,,,,,,,
21C,LMPM,0,0,0.00E+00,7,cnt,3,,,,,,,,
DM,5506,6,1520000000,1.52E+05,Inoculum,cnt,1,,,,,,,,
DM,0008,6,1220000000,1.22E+05,Inoculum,cnt,1,,,,,,,,
DM,031,5,142000000,1.42E+04,Inoculum,cnt,1,,,,,,,,
DM,0506,5,1950000000,1.95E+05,Inoculum,cnt,1,,,,,,,,
DM,5411,6,1030000000,1.03E+05,Inoculum,cnt,1,,,,,,,,
DM,5506,1,11700,1.17E+05,0,cnt,1,,checked,,,,,,
DM,0008,1,19600,1.96E+05,0,cnt,1,,,,,,,,
DM,031,1,26900,2.69E+05,0,cnt,1,,,,,,,,
DM,0506,1,11900,1.19E+05,0,cnt,1,,,,,,,,
DM,5411,1,16500,1.65E+05,0,cnt,1,,,,,,,,
DM,APC,0,10,1.00E+02,0,cnt,1,,,,,,,,
DM,MOX,0,0,0.00E+00,0,cnt,1,,,,,,,,
DM,LMPM,,,,0,,1,,,,,,,,
DM,5506,1,7500,7.50E+04,1,cnt,1,,,,,,,,
DM,0008,1,19300,1.93E+05,1,cnt,1,,,,,,,,
DM,031,1,20800,2.08E+05,1,cnt,1,,checked,,,,,,
DM,0506,1,18700,1.87E+05,1,cnt,1,,,,,,,,
DM,5411,1,20700,2.07E+05,1,cnt,1,,,,,,,,
DM,APC,0,1370,1.37E+04,1,cnt,1,,,,,,,,
DM,MOX,0,0,0.00E+00,1,cnt,1,,,,,,,,
DM,LMPM,0,0,0.00E+00,1,cnt,1,,,,,,,,
DM,5506,0,4270,4.27E+04,3,cnt,1,,,,,,,,
DM,0008,1,67200,6.72E+05,3,cnt,1,,,,,,,,
DM,031,1,95700,9.57E+05,3,cnt,1,,,,,,,,
DM,0506,2,994000,9.94E+06,3,cnt,1,,,,,,,,
DM,5411,2,204000,2.04E+06,3,cnt,1,,checked,,,,,,
DM,APC,0,225,2.25E+03,3,cnt,1,,,,,,,,
DM,MOX,0,0,0.00E+00,3,cnt,1,,,,,,,,
DM,LMPM,0,0,0.00E+00,3,cnt,1,,,,,,,,
DM,5506,2,1330000,1.33E+07,4,cnt,1,,,,,,,,
DM,0008,0,56300,5.63E+05,4,cnt,1,,,,,,,,
DM,031,2,246000,2.46E+06,4,cnt,1,,,,,,,,
DM,0506,2,1130000,1.13E+07,4,cnt,1,,,,,,,,
DM,5411,2,438000,4.38E+06,4,cnt,1,,,,,,,,
DM,APC,1,14100,1.41E+05,4,cnt,1,,,,,,,,
DM,MOX,0,0,0.00E+00,4,cnt,1,,,,,,,,
DM,LMPM,0,0,0.00E+00,4,cnt,1,,,,,,,,
DM,5506,2,5920000,5.92E+07,7,cnt,1,,,,,,,,
DM,0008,2,10000,1.00E+05,7,cnt,1,,,,,,,,
DM,031,2,4110000,4.11E+07,7,cnt,1,,,,,,,,
DM,0506,2,2810000,2.81E+07,7,cnt,1,,,,,,,,
DM,5411,2,694000,6.94E+06,7,cnt,1,,,,,,,,
DM,APC,1,,,7,tnt,1,,,,,,,,
DM,MOX,,,,7,,1,,,,,,,,
DM,LMPM,0,0,0.00E+00,7,cnt,1,,,,,,,,
DM,5506,5,330000000,3.30E+04,Inoculum,cnt,2,,checked,,,,,,
DM,0008,6,2090000000,2.09E+05,Inoculum,cnt,2,,,,,,,,
DM,031,5,821000000,8.21E+04,Inoculum,cnt,2,,,,,,,,
DM,0506,6,1810000000,1.81E+05,Inoculum,cnt,2,,,,,,,,
DM,5411,5,881000000,8.81E+04,Inoculum,cnt,2,,,,,,,,
DM,5506,0,13300,1.33E+05,0,cnt,2,,,,,,,,
DM,0008,0,15600,1.56E+05,0,cnt,2,,,,,,,,
DM,031,0,15600,1.56E+05,0,cnt,2,,,,,,,,
DM,0506,0,8860,8.86E+04,0,cnt,2,,,,,,,,
DM,5411,0,5850,5.85E+04,0,cnt,2,,,,,,,,
DM,APC,0,20,2.00E+02,0,cnt,2,,checked,,,,,,
DM,MOX,0,0,0.00E+00,0,cnt,2,,,,,,,,
DM,LMPM,0,0,0.00E+00,0,cnt,2,,,,,,,,
DM,5506,0,19300,1.93E+05,1,cnt,2,,,,,,,,
DM,0008,1,24000,2.40E+05,1,cnt,2,,,,,,,,
DM,031,0,17100,1.71E+05,1,cnt,2,,,,,,,,
DM,0506,0,13900,1.39E+05,1,cnt,2,,,,,,,,
DM,5411,0,7190,7.19E+04,1,cnt,2,,,,,,,,
DM,APC,0,380,3.80E+03,1,cnt,2,,,,,,,,
DM,MOX,0,0,0.00E+00,1,cnt,2,,,,,,,,
DM,LMPM,0,0,0.00E+00,1,cnt,2,,,,,,,,
DM,5506,2,241000,2.41E+06,3,cnt,2,,,,,,,,
DM,0008,1,83000,8.30E+05,3,cnt,2,,,,,,,,
DM,031,0,25700,2.57E+05,3,cnt,2,,,,,,,,
DM,0506,1,361000,3.61E+06,3,cnt,2,,,,,,,,
DM,5411,1,12800,1.28E+05,3,cnt,2,,,,,,,,
DM,APC,1,6300,6.30E+04,3,cnt,2,,,,,,,,
DM,MOX,0,0,0.00E+00,3,cnt,2,,,,,,,,
DM,LMPM,0,0,0.00E+00,3,cnt,2,,,,,,,,
DM,5506,1,1800,1.80E+04,4,cnt,2,,,,,,,,
DM,0008,2,645000,6.45E+06,4,cnt,2,,checked,,,,,,
DM,031,2,325000,3.25E+06,4,cnt,2,,,,,,,,
DM,0506,3,1240000,1.24E+07,4,cnt,2,,,,,,,,
DM,5411,1,6500,6.50E+04,4,cnt,2,,,,,,,,
DM,APC,1,12500,1.25E+05,4,cnt,2,,,,,,,,
DM,MOX,0,0,0.00E+00,4,cnt,2,,,,,,,,
DM,LMPM,0,0,0.00E+00,4,cnt,2,,,,,,,,
DM,5506,3,11700000,1.17E+08,7,cnt,2,,,,,,,,
DM,0008,3,3550000,3.55E+07,7,cnt,2,,,,,,,,
DM,031,3,10600000,1.06E+08,7,cnt,2,,,,,,,,
DM,0506,3,4220000,4.22E+07,7,cnt,2,,checked,,,,,,
DM,5411,2,1440000,1.44E+07,7,cnt,2,,,,,,,,
DM,APC,1,292000,2.92E+06,7,cnt,2,,,,,,,,
DM,MOX,0,0,0.00E+00,7,cnt,2,,,,,,,,
DM,LMPM,0,0,0.00E+00,7,cnt,2,,,,,,,,
DM,5506,5,106000000,1.06E+04,Inoculum,cnt,3,,,,,,,,
DM,0008,6,1520000000,1.52E+05,Inoculum,cnt,3,,,,,,,,
DM,031,5,1820000000,1.82E+05,Inoculum,cnt,3,,,,,,,,
DM,0506,6,1300000000,1.30E+05,Inoculum,cnt,3,,,,,,,,
DM,5411,5,244000000,2.44E+04,Inoculum,cnt,3,,,,,,,,
DM,5506,0,7370,7.37E+04,0,cnt,3,,checked,,,,,,
DM,0008,0,12900,1.29E+05,0,cnt,3,,,,,,,,
DM,031,0,8880,8.88E+04,0,cnt,3,,,,,,,,
DM,0506,0,5970,5.97E+04,0,cnt,3,,,,,,,,
DM,5411,1,2970,2.97E+04,0,cnt,3,,,,,,,,
DM,APC,0,10700,1.07E+05,0,cnt,3,,,,,,,,
DM,MOX,0,0,0.00E+00,0,cnt,3,,,,,,,,
DM,LMPM,0,0,0.00E+00,0,cnt,3,,,,,,,,
DM,5506,0,16200,1.62E+05,1,cnt,3,,,,,,,,
DM,0008,1,42100,4.21E+05,1,cnt,3,,,,,,,,
DM,031,1,16800,1.68E+05,1,cnt,3,,checked,,,,,,
DM,0506,0,11900,1.19E+05,1,cnt,3,,,,,,,,
DM,5411,0,3890,3.89E+04,1,cnt,3,,,,,,,,
DM,APC,0,259000,2.59E+06,1,cnt,3,,,,,,,,
DM,MOX,0,0,0.00E+00,1,cnt,3,,,,,,,,
DM,LMPM,0,0,0.00E+00,1,cnt,3,,,,,,,,
DM,5506,2,398000,3.98E+06,3,cnt,3,,,,,,,,
DM,0008,2,485000,4.85E+06,3,cnt,3,,,,,,,,
DM,031,1,50100,5.01E+05,3,cnt,3,,,,,,,,
DM,0506,1,27000,2.70E+05,3,cnt,3,,,,,,,,
DM,5411,1,4500,4.50E+04,3,cnt,3,,checked,,,,,,
DM,APC,1,,,3,tnt,3,,,,,,,,
DM,MOX,0,0,0.00E+00,3,cnt,3,,,,,,,,
DM,LMPM,0,0,0.00E+00,3,cnt,3,,,,,,,,
DM,5506,2,171000,1.71E+06,4,cnt,3,,,,,,,,
DM,0008,2,143000,1.43E+06,4,cnt,3,,,,,,,,
DM,031,2,75700,7.57E+05,4,cnt,3,,,,,,,,
DM,0506,2,418000,4.18E+06,4,cnt,3,,,,,,,,
DM,5411,1,100,1.00E+03,4,cnt,3,,,,,,,,
DM,APC,1,,,4,tnt,3,,,,,,,,
DM,MOX,0,0,0.00E+00,4,cnt,3,,,,,,,,
DM,LMPM,0,0,0.00E+00,4,cnt,3,,,,,,,,
DM,5506,4,7060000,7.06E+07,7,cnt,3,,,,,,,,
DM,0008,4,10400000,1.04E+08,7,cnt,3,,,,,,,,
DM,031,2,2600000,2.60E+07,7,cnt,3,,,,,,,,
DM,0506,2,3600000,3.60E+07,7,cnt,3,,,,,,,,
DM,5411,3,10200,1.02E+05,7,cnt,3,,,,,,,,
DM,APC,1,,,7,tnt,3,,,,,,,,
DM,MOX,0,0,0.00E+00,7,cnt,3,,,,,,,,
DM,LMPM,0,0,0.00E+00,7,cnt,3,,,,,,,,
Glycerol,5506,5,993000000,9.93E+04,Inoculum,cnt,1,,checked,,,,,,
Glycerol,0008,5,656000000,6.56E+04,Inoculum,cnt,1,,,,,,,,
Glycerol,031,5,1190000000,1.19E+05,Inoculum,cnt,1,,,,,,,,
Glycerol,0506,5,442000000,4.42E+04,Inoculum,cnt,1,,,,,,,,
Glycerol,5411,5,552000000,5.52E+04,Inoculum,cnt,1,,,,,,,,
Glycerol,5506,0,7110,7.11E+04,0,cnt,1,,,,,,,,
Glycerol,0008,0,12900,1.29E+05,0,cnt,1,,,,,,,,
Glycerol,031,0,5340,5.34E+04,0,cnt,1,,,,,,,,
Glycerol,0506,0,5030,5.03E+04,0,cnt,1,,,,,,,,
Glycerol,5411,0,5200,5.20E+04,0,cnt,1,,,,,,,,
Glycerol,APC,0,470,4.70E+03,0,cnt,1,,checked,,,,,,
Glycerol,MOX,0,0,0.00E+00,0,cnt,1,,,,,,,,
Glycerol,LMPM,0,0,0.00E+00,0,no_growth,1,,,,,,,,
Glycerol,5506,1,8180,8.18E+04,1,cnt,1,,,,,,,,
Glycerol,0008,0,14000,1.40E+05,1,cnt,1,,,,,,,,
Glycerol,031,1,20100,2.01E+05,1,cnt,1,,,,,,,,
Glycerol,0506,1,12900,1.29E+05,1,cnt,1,,,,,,,,
Glycerol,5411,1,3990,3.99E+04,1,cnt,1,,,,,,,,
Glycerol,APC,0,9290,9.29E+04,1,cnt,1,,,,,,,,
Glycerol,MOX,0,0,0.00E+00,1,no_growth,1,,,,,,,,
Glycerol,LMPM,0,0,0.00E+00,1,no_growth,1,,,,,,,,
Glycerol,5506,2,299000,2.99E+06,3,cnt,1,,,,,,,,
Glycerol,0008,2,413000,4.13E+06,3,cnt,1,,,,,,,,
Glycerol,031,1,290000,2.90E+06,3,cnt,1,,,,,,,,
Glycerol,0506,2,556000,5.56E+06,3,cnt,1,,,,,,,,
Glycerol,5411,1,108000,1.08E+06,3,cnt,1,,,,,,,,
Glycerol,APC,0,71.5,7.15E+02,3,cnt,1,,,,,,,,
Glycerol,MOX,0,0,0.00E+00,3,no_growth,1,,,,,,,,
Glycerol,LMPM,0,0,0.00E+00,3,no_growth,1,,,,,,,,
Glycerol,5506,1,332000,3.32E+06,4,cnt,1,,,,,,,,
Glycerol,0008,1,637000,6.37E+06,4,cnt,1,,checked,,,,,,
Glycerol,031,1,966000,9.66E+06,4,cnt,1,,,,,,,,
Glycerol,0506,1,497000,4.97E+06,4,cnt,1,,,,,,,,
Glycerol,5411,1,62500,6.25E+05,4,cnt,1,,,,,,,,
Glycerol,APC,1,130000,1.30E+06,4,cnt,1,,,,,,,,
Glycerol,MOX,0,0,0.00E+00,4,no_growth,1,,,,,,,,
Glycerol,LMPM,0,0,0.00E+00,4,no_growth,1,,,,,,,,
Glycerol,5506,3,7030000,7.03E+07,7,cnt,1,,,,,,,,
Glycerol,0008,3,6000000,6.00E+07,7,cnt,1,,,,,,,,
Glycerol,031,2,1540000,1.54E+07,7,cnt,1,,,,,,,,
Glycerol,0506,2,1760000,1.76E+07,7,cnt,1,,checked,,,,,,
Glycerol,5411,2,2210000,2.21E+07,7,cnt,1,,,,,,,,
Glycerol,APC,2,4010000,4.01E+07,7,cnt,1,,,,,,,,
Glycerol,MOX,0,0,0.00E+00,7,no_growth,1,,,,,,,,
Glycerol,LMPM,0,0,0.00E+00,7,no_growth,1,,,,,,,,
Glycerol,5506,6,1020000000,1.02E+05,Inoculum,cnt,2,,,,,,,,
Glycerol,0008,6,1070000000,1.07E+05,Inoculum,cnt,2,,,,,,,,
Glycerol,031,6,1630000000,1.63E+05,Inoculum,cnt,2,,,,,,,,
Glycerol,0506,6,1560000000,1.56E+05,Inoculum,cnt,2,,,,,,,,
Glycerol,5411,6,664000000,6.64E+04,Inoculum,cnt,2,,,,,,,,
Glycerol,5506,1,3480,3.48E+04,0,cnt,2,,checked,,,,,,
Glycerol,0008,0,5420,5.42E+04,0,cnt,2,,,,,,,,
Glycerol,031,0,3190,3.19E+04,0,cnt,2,,,,,,,,
Glycerol,0506,0,4060,4.06E+04,0,cnt,2,,,,,,,,
Glycerol,5411,1,4600,4.60E+04,0,cnt,2,,,,,,,,
Glycerol,APC,0,102,1.02E+03,0,cnt,2,,,,,,,,
Glycerol,MOX,0,0,0.00E+00,0,no_growth,2,,,,,,,,
Glycerol,LMPM,0,0,0.00E+00,0,no_growth,2,,,,,,,,
Glycerol,5506,1,32200,3.22E+05,1,cnt,2,,,,,,,,
Glycerol,0008,0,30200,3.02E+05,1,cnt,2,,,,,,,,
Glycerol,031,0,4190,4.19E+04,1,cnt,2,,checked,,,,,,
Glycerol,0506,0,13500,1.35E+05,1,cnt,2,,,,,,,,
Glycerol,5411,0,4360,4.36E+04,1,cnt,2,,,,,,,,
Glycerol,APC,0,9290,9.29E+04,1,cnt,2,,,,,,,,
Glycerol,MOX,0,0,0.00E+00,1,no_growth,2,,,,,,,,
Glycerol,LMPM,0,0,0.00E+00,1,no_growth,2,,,,,,,,
Glycerol,5506,1,15900,1.59E+05,3,cnt,2,,,,,,,,
Glycerol,0008,1,162000,1.62E+06,3,cnt,2,,,,,,,,
Glycerol,031,1,441000,4.41E+06,3,cnt,2,,,,,,,,
Glycerol,0506,1,126000,1.26E+06,3,cnt,2,,,,,,,,
Glycerol,5411,1,520000,5.20E+06,3,cnt,2,,checked,,,,,,
Glycerol,APC,1,320000,3.20E+06,3,cnt,2,,,,,,,,
Glycerol,MOX,0,0,0.00E+00,3,no_growth,2,,,,,,,,
Glycerol,LMPM,0,0,0.00E+00,3,no_growth,2,,,,,,,,
Glycerol,5506,2,2200000,2.20E+07,4,cnt,2,,,,,,,,
Glycerol,0008,2,326000,3.26E+06,4,cnt,2,,,,,,,,
Glycerol,031,1,0,0.00E+00,4,no_growth,2,,,,,,,,
Glycerol,0506,2,1410000,1.41E+07,4,cnt,2,,,,,,,,
Glycerol,5411,2,1050000,1.05E+07,4,cnt,2,,,,,,,,
Glycerol,APC,2,420000,4.20E+06,4,cnt,2,,,,,,,,
Glycerol,MOX,0,0,0.00E+00,4,no_growth,2,,,,,,,,
Glycerol,LMPM,0,0,0.00E+00,4,no_growth,2,,,,,,,,
Glycerol,5506,3,5370000,5.37E+07,7,cnt,2,,,,,,,,
Glycerol,0008,3,4260000,4.26E+07,7,cnt,2,,,,,,,,
Glycerol,031,3,2220000,2.22E+07,7,cnt,2,,,,,,,,
Glycerol,0506,3,4780000,4.78E+07,7,cnt,2,,,,,,,,
Glycerol,5411,3,6110000,6.11E+07,7,cnt,2,,,,,,,,
Glycerol,APC,0,10600,1.06E+05,7,cnt,2,,,,,,,,
Glycerol,MOX,0,0,0.00E+00,7,no_growth,2,,,,,,,,
Glycerol,LMPM,0,0,0.00E+00,7,no_growth,2,,,,,,,,
Glycerol,5506,6,1070000000,1.07E+05,Inoculum,cnt,3,,checked,,,,,,
Glycerol,0008,6,770000000,7.70E+04,Inoculum,cnt,3,,,,,,,,
Glycerol,031,6,1040000000,1.04E+05,Inoculum,cnt,3,,,,,,,,
Glycerol,0506,6,480000000,4.80E+04,Inoculum,cnt,3,,,,,,,,
Glycerol,5411,5,19000000,1.90E+03,Inoculum,cnt,3,,,,,,,,
Glycerol,5506,0,4180,4.18E+04,0,cnt,3,,,,,,,,
Glycerol,0008,1,3500,3.50E+04,0,cnt,3,,,,,,,,
Glycerol,031,0,3800,3.80E+04,0,cnt,3,,,,,,,,
Glycerol,0506,1,3000,3.00E+04,0,cnt,3,,,,,,,,
Glycerol,5411,1,2800,2.80E+04,0,cnt,3,,,,,,,,
Glycerol,APC,1,68600,6.86E+05,0,cnt,3,,checked,,,,,,
Glycerol,MOX,0,0,0.00E+00,0,no_growth,3,,,,,,,,
Glycerol,LMPM,0,0,0.00E+00,0,no_growth,3,,,,,,,,
Glycerol,5506,1,13400,1.34E+05,1,cnt,3,,,,,,,,
Glycerol,0008,2,21000,2.10E+05,1,cnt,3,,,,,,,,
Glycerol,031,1,13800,1.38E+05,1,cnt,3,,,,,,,,
Glycerol,0506,1,7200,7.20E+04,1,cnt,3,,,,,,,,
Glycerol,5411,1,5000,5.00E+04,1,cnt,3,,,,,,,,
Glycerol,APC,1,520000,5.20E+06,1,cnt,3,,,,,,,,
Glycerol,MOX,0,0,0.00E+00,1,no_growth,3,,,,,,,,
Glycerol,LMPM,0,0,0.00E+00,1,no_growth,3,,,,,,,,
Glycerol,5506,2,392000,3.92E+06,3,cnt,3,,,,,,,,
Glycerol,0008,2,35000,3.50E+05,3,cnt,3,,,,,,,,
Glycerol,031,2,47000,4.70E+05,3,cnt,3,,,,,,,,
Glycerol,0506,2,10000,1.00E+05,3,cnt,3,,,,,,,,
Glycerol,5411,2,9000,9.00E+04,3,cnt,3,,,,,,,,
Glycerol,APC,1,13500,1.35E+05,3,cnt,3,,,,,,,,
Glycerol,MOX,0,0,0.00E+00,3,no_growth,3,,,,,,,,
Glycerol,LMPM,0,0,0.00E+00,3,no_growth,3,,,,,,,,
Glycerol,5506,2,153000,1.53E+06,4,cnt,3,,,,,,,,
Glycerol,0008,2,342000,3.42E+06,4,cnt,3,,checked,,,,,,
Glycerol,031,2,54200,5.42E+05,4,cnt,3,,,,,,,,
Glycerol,0506,2,44000,4.40E+05,4,cnt,3,,,,,,,,
Glycerol,5411,2,12300,1.23E+05,4,cnt,3,,,,,,,,
Glycerol,APC,2,,,4,tnt,3,,,,,,,,
Glycerol,MOX,0,0,0.00E+00,4,no_growth,3,,,,,,,,
Glycerol,LMPM,0,0,0.00E+00,4,no_growth,3,,,,,,,,
Glycerol,5506,2,413000,4.13E+06,7,cnt,3,,,,,,,,
Glycerol,0008,2,405000,4.05E+06,7,cnt,3,,,,,,,,
Glycerol,031,2,6120000,6.12E+07,7,cnt,3,,,,,,,,
Glycerol,0506,3,1150000,1.15E+07,7,cnt,3,,checked,,,,,,
Glycerol,5411,3,410000,4.10E+06,7,cnt,3,,,,,,,,
Glycerol,APC,2,,,7,tnt,3,,,,,,,,
Glycerol,MOX,0,0,0.00E+00,7,no_growth,3,,,,,,,,
Glycerol,LMPM,0,0,0.00E+00,7,no_growth,3,,,,,,,,
Midlog,5506,6,920000000,9.20E+04,Inoculum,cnt,1,,,,,,,,
Midlog,0008,5,451000000,4.51E+04,Inoculum,cnt,1,,,,,,,,
Midlog,031,5,791000000,7.91E+04,Inoculum,cnt,1,,,,,,,,
Midlog,0506,5,602000000,6.02E+04,Inoculum,cnt,1,,,,,,,,
Midlog,5411,5,544000000,5.44E+04,Inoculum,cnt,1,,,,,,,,
Midlog,5506,0,4270,4.27E+04,0,cnt,1,,checked,,,,,,
Midlog,0008,0,250,2.50E+03,0,cnt,1,,,,,,,,
Midlog,031,0,1090,1.09E+04,0,cnt,1,,,,,,,,
Midlog,0506,0,270,2.70E+03,0,cnt,1,,,,,,,,
Midlog,5411,0,6220,6.22E+04,0,cnt,1,,,,,,,,
Midlog,APC,0,200,2.00E+03,0,cnt,1,,,,,,,,
Midlog,MOX,0,0,0.00E+00,0,no_growth,1,,,,,,,,
Midlog,LMPM,0,0,0.00E+00,0,no_growth,1,,,,,,,,
Midlog,5506,1,8800,8.80E+04,1,cnt,1,,,,,,,,
Midlog,0008,0,2170,2.17E+04,1,cnt,1,,,,,,,,
Midlog,031,1,24000,2.40E+05,1,cnt,1,,checked,,,,,,
Midlog,0506,1,22900,2.29E+05,1,cnt,1,,,,,,,,
Midlog,5411,0,4960,4.96E+04,1,cnt,1,,,,,,,,
Midlog,APC,1,20800,2.08E+05,1,cnt,1,,,,,,,,
Midlog,MOX,,,,1,,1,,,,,,,,
Midlog,LMPM,,,,1,,1,,,,,,,,
Midlog,5506,2,12300,1.23E+05,3,cnt,1,,,,,,,,
Midlog,0008,2,336000,3.36E+06,3,cnt,1,,,,,,,,
Midlog,031,1,438000,4.38E+06,3,cnt,1,,,,,,,,
Midlog,0506,1,28200,2.82E+05,3,cnt,1,,,,,,,,
Midlog,5411,1,7770,7.77E+04,3,cnt,1,,checked,,,,,,
Midlog,APC,1,283000,2.83E+06,3,cnt,1,,,,,,,,
Midlog,MOX,0,0,0.00E+00,3,no_growth,1,,,,,,,,
Midlog,LMPM,0,0,0.00E+00,3,no_growth,1,,,,,,,,
Midlog,5506,2,446000,4.46E+06,4,cnt,1,,,,,,,,
Midlog,0008,2,315000,3.15E+06,4,cnt,1,,,,,,,,
Midlog,031,2,117000,1.17E+06,4,cnt,1,,,,,,,,
Midlog,0506,2,382000,3.82E+06,4,cnt,1,,,,,,,,
Midlog,5411,2,760000,7.60E+06,4,cnt,1,,,,,,,,
Midlog,APC,,,,4,,1,,,,,,,,
Midlog,MOX,0,0,0.00E+00,4,no_growth,1,,,,,,,,
Midlog,LMPM,,,,4,,1,,,,,,,,
Midlog,5506,2,333000,3.33E+06,7,cnt,1,,,,,,,,
Midlog,0008,2,18200000,1.82E+08,7,cnt,1,,,,,,,,
Midlog,031,2,5760000,5.76E+07,7,cnt,1,,,,,,,,
Midlog,0506,2,23700000,2.37E+08,7,cnt,1,,,,,,,,
Midlog,5411,2,17000000,1.70E+08,7,cnt,1,,,,,,,,
Midlog,APC,0,0,0.00E+00,7,no_growth,1,,,,,,,,
Midlog,MOX,0,0,0.00E+00,7,no_growth,1,,,,,,,,
Midlog,LMPM,0,0,0.00E+00,7,no_growth,1,,,,,,,,
Midlog,5506,5,311000000,3.11E+04,Inoculum,cnt,2,,checked,,,,,,
Midlog,0008,6,560000000,5.60E+04,Inoculum,cnt,2,,,,,,,,
Midlog,031,5,604000000,6.04E+04,Inoculum,cnt,2,,,,,,,,
Midlog,0506,5,262000000,2.62E+04,Inoculum,cnt,2,,,,,,,,
Midlog,5411,5,701000000,7.01E+04,Inoculum,cnt,2,,,,,,,,
Midlog,5506,0,5000,5.00E+04,0,cnt,2,,,,,,,,
Midlog,0008,0,5750,5.75E+04,0,cnt,2,,,,,,,,
Midlog,031,0,7370,7.37E+04,0,cnt,2,,,,,,,,
Midlog,0506,0,7800,7.80E+04,0,cnt,2,,,,,,,,
Midlog,5411,0,5850,5.85E+04,0,cnt,2,,,,,,,,
Midlog,APC,0,530,5.30E+03,0,cnt,2,,checked,,,,,,
Midlog,MOX,0,0,0.00E+00,0,no_growth,2,,,,,,,,
Midlog,LMPM,0,0,0.00E+00,0,no_growth,2,,,,,,,,
Midlog,5506,1,4400,4.40E+04,1,cnt,2,,,,,,,,
Midlog,0008,0,24500,2.45E+05,1,cnt,2,,,,,,,,
Midlog,031,1,13800,1.38E+05,1,cnt,2,,,,,,,,
Midlog,0506,0,8700,8.70E+04,1,cnt,2,,,,,,,,
Midlog,5411,0,4660,4.66E+04,1,cnt,2,,,,,,,,
Midlog,APC,0,290,2.90E+03,1,cnt,2,,,,,,,,
Midlog,MOX,0,0,0.00E+00,1,no_growth,2,,,,,,,,
Midlog,LMPM,0,0,0.00E+00,1,no_growth,2,,,,,,,,
Midlog,5506,2,120000,1.20E+06,3,cnt,2,,,,,,,,
Midlog,0008,1,109000,1.09E+06,3,cnt,2,,,,,,,,
Midlog,031,2,203000,2.03E+06,3,cnt,2,,,,,,,,
Midlog,0506,1,111000,1.11E+06,3,cnt,2,,,,,,,,
Midlog,5411,1,19700,1.97E+05,3,cnt,2,,,,,,,,
Midlog,APC,0,1430,1.43E+04,3,cnt,2,,,,,,,,
Midlog,MOX,0,0,0.00E+00,3,no_growth,2,,,,,,,,
Midlog,LMPM,0,0,0.00E+00,3,no_growth,2,,,,,,,,
Midlog,5506,2,2030000,2.03E+07,4,cnt,2,,,,,,,,
Midlog,0008,2,0,0.00E+00,4,no_growth,2,,,,,,,,
Midlog,031,2,420000,4.20E+06,4,cnt,2,,,,,,,,
Midlog,0506,2,2000,2.00E+04,4,cnt,2,,,,,,,,
Midlog,5411,2,122000,1.22E+06,4,cnt,2,,,,,,,,
Midlog,APC,0,7330,7.33E+04,4,cnt,2,,,,,,,,
Midlog,MOX,0,0,0.00E+00,4,no_growth,2,,,,,,,,
Midlog,LMPM,0,0,0.00E+00,4,no_growth,2,,,,,,,,
Midlog,5506,3,16300000,1.63E+08,7,cnt,2,,,,,,,,
Midlog,0008,2,323000,3.23E+06,7,cnt,2,,,,,,,,
Midlog,031,2,1000,1.00E+04,7,cnt,2,,,,,,,,
Midlog,0506,2,5790000,5.79E+07,7,cnt,2,,checked,,,,,,
Midlog,5411,3,4700000,4.70E+07,7,cnt,2,,,,,,,,
Midlog,APC,0,16000,1.60E+05,7,cnt,2,,,,,,,,
Midlog,MOX,0,0,0.00E+00,7,no_growth,2,,,,,,,,
Midlog,LMPM,0,0,0.00E+00,7,no_growth,2,,,,,,,,
Midlog,5506,6,1010000000,1.01E+05,Inoculum,cnt,3,,,,,,,,
Midlog,0008,5,49000000,4.90E+03,Inoculum,cnt,3,,,,,,,,
Midlog,031,6,490000000,4.90E+04,Inoculum,cnt,3,,,,,,,,
Midlog,0506,5,0,0.00E+00,Inoculum,no_growth,3,,,,,,,,
Midlog,5411,5,365000000,3.65E+04,Inoculum,cnt,3,,,,,,,,
Midlog,5506,0,4420,4.42E+04,0,cnt,3,,checked,,,,,,
Midlog,0008,0,1320,1.32E+04,0,cnt,3,,,,,,,,
Midlog,031,0,7590,7.59E+04,0,cnt,3,,,,,,,,
Midlog,0506,1,3200,3.20E+04,0,cnt,3,,,,,,,,
Midlog,5411,0,2750,2.75E+04,0,cnt,3,,,,,,,,
Midlog,APC,1,2100,2.10E+04,0,cnt,3,,,,,,,,
Midlog,MOX,0,0,0.00E+00,0,no_growth,3,,,,,,,,
Midlog,LMPM,0,0,0.00E+00,0,no_growth,3,,,,,,,,
Midlog,5506,0,20000,2.00E+05,1,cnt,3,,,,,,,,
Midlog,0008,0,3650,3.65E+04,1,cnt,3,,,,,,,,
Midlog,031,0,17900,1.79E+05,1,cnt,3,,checked,,,,,,
Midlog,0506,0,6730,6.73E+04,1,cnt,3,,,,,,,,
Midlog,5411,1,3200,3.20E+04,1,cnt,3,,,,,,,,
Midlog,APC,0,270,2.70E+03,1,cnt,3,,,,,,,,
Midlog,MOX,0,0,0.00E+00,1,no_growth,3,,,,,,,,
Midlog,LMPM,0,0,0.00E+00,1,no_growth,3,,,,,,,,
Midlog,5506,1,310000,3.10E+06,3,cnt,3,,,,,,,,
Midlog,0008,2,232000,2.32E+06,3,cnt,3,,,,,,,,
Midlog,031,1,174000,1.74E+06,3,cnt,3,,,,,,,,
Midlog,0506,1,142000,1.42E+06,3,cnt,3,,,,,,,,
Midlog,5411,1,26600,2.66E+05,3,cnt,3,,checked,,,,,,
Midlog,APC,0,1600,1.60E+04,3,cnt,3,,,,,,,,
Midlog,MOX,0,0,0.00E+00,3,no_growth,3,,,,,,,,
Midlog,LMPM,0,0,0.00E+00,3,no_growth,3,,,,,,,,
Midlog,5506,2,1370000,1.37E+07,4,cnt,3,,,,,,,,
Midlog,0008,2,50000,5.00E+05,4,cnt,3,,,,,,,,
Midlog,031,1,20600,2.06E+05,4,cnt,3,,,,,,,,
Midlog,0506,1,8200,8.20E+04,4,cnt,3,,,,,,,,
Midlog,5411,1,76600,7.66E+05,4,cnt,3,,,,,,,,
Midlog,APC,1,10200,1.02E+05,4,cnt,3,,,,,,,,
Midlog,MOX,0,0,0.00E+00,4,no_growth,3,,,,,,,,
Midlog,LMPM,0,0,0.00E+00,4,no_growth,3,,,,,,,,
Midlog,5506,3,1940000,1.94E+07,7,cnt,3,,,,,,,,
Midlog,0008,2,1460000,1.46E+07,7,cnt,3,,,,,,,,
Midlog,031,2,1300000,1.30E+07,7,cnt,3,,,,,,,,
Midlog,0506,2,1330000,1.33E+07,7,cnt,3,,,,,,,,
Midlog,5411,1,253000,2.53E+06,7,cnt,3,,,,,,,,
Midlog,APC,0,46900,4.69E+05,7,cnt,3,,,,,,,,
Midlog,MOX,0,0,0.00E+00,7,no_growth,3,,,,,,,,
Midlog,LMPM,0,0,0.00E+00,7,no_growth,3,,,,,,,,
NaCl,5506,6,1020000000,1.02E+05,Inoculum,cnt,1,,checked,,,,,,
NaCl,0008,6,1660000000,1.66E+05,Inoculum,cnt,1,,,,,,,,
NaCl,031,6,1160000000,1.16E+05,Inoculum,cnt,1,,,,,,,,
NaCl,0506,6,542000000,5.42E+04,Inoculum,cnt,1,,,,,,,,
NaCl,5411,6,1820000000,1.82E+05,Inoculum,cnt,1,,,,,,,,
NaCl,5506,0,16200,1.62E+05,0,cnt,1,,,,,,,,
NaCl,0008,0,19600,1.96E+05,0,cnt,1,,,,,,,,
NaCl,031,0,12400,1.24E+05,0,cnt,1,,,,,,,,
NaCl,0506,0,7690,7.69E+04,0,cnt,1,,,,,,,,
NaCl,5411,0,1700,1.70E+04,0,cnt,1,,,,,,,,
NaCl,APC,0,61.3,6.13E+02,0,cnt,1,,checked,,,,,,
NaCl,MOX,0,0,0.00E+00,0,no_growth,1,,,,,,,,
NaCl,LMPM,0,0,0.00E+00,0,no_growth,1,,,,,,,,
NaCl,5506,0,34300,3.43E+05,1,cnt,1,,,,,,,,
NaCl,0008,0,16900,1.69E+05,1,cnt,1,,,,,,,,
NaCl,031,1,29200,2.92E+05,1,cnt,1,,,,,,,,
NaCl,0506,0,23000,2.30E+05,1,cnt,1,,,,,,,,
NaCl,5411,0,2180,2.18E+04,1,cnt,1,,,,,,,,
NaCl,APC,1,0,0.00E+00,1,no_growth,1,,,,,,,,
NaCl,MOX,0,0,0.00E+00,1,no_growth,1,,,,,,,,
NaCl,LMPM,0,0,0.00E+00,1,no_growth,1,,,,,,,,
NaCl,5506,0,34700,3.47E+05,3,cnt,1,,,,,,,,
NaCl,0008,2,623000,6.23E+06,3,cnt,1,,,,,,,,
NaCl,031,1,49400,4.94E+05,3,cnt,1,,,,,,,,
NaCl,0506,1,51000,5.10E+05,3,cnt,1,,,,,,,,
NaCl,5411,0,2830,2.83E+04,3,cnt,1,,,,,,,,
NaCl,APC,0,20.4,2.04E+02,3,cnt,1,,,,,,,,
NaCl,MOX,0,0,0.00E+00,3,no_growth,1,,,,,,,,
NaCl,LMPM,0,0,0.00E+00,3,no_growth,1,,,,,,,,
NaCl,5506,1,262000,2.62E+06,4,cnt,1,,,,,,,,
NaCl,0008,0,106000,1.06E+06,4,cnt,1,,checked,,,,,,
NaCl,031,0,69500,6.95E+05,4,cnt,1,,,,,,,,
NaCl,0506,1,88300,8.83E+05,4,cnt,1,,,,,,,,
NaCl,5411,0,41100,4.11E+05,4,cnt,1,,,,,,,,
NaCl,APC,1,2200,2.20E+04,4,cnt,1,,,,,,,,
NaCl,MOX,0,0,0.00E+00,4,no_growth,1,,,,,,,,
NaCl,LMPM,0,0,0.00E+00,4,no_growth,1,,,,,,,,
NaCl,5506,2,8300000,8.30E+07,7,cnt,1,,,,,,,,
NaCl,0008,2,8760000,8.76E+07,7,cnt,1,,,,,,,,
NaCl,031,2,1620000,1.62E+07,7,cnt,1,,,,,,,,
NaCl,0506,2,12100000,1.21E+08,7,cnt,1,,checked,,,,,,
NaCl,5411,2,3500000,3.50E+07,7,cnt,1,,,,,,,,
NaCl,APC,0,0,0.00E+00,7,no_growth,1,,,,,,,,
NaCl,MOX,0,0,0.00E+00,7,no_growth,1,,,,,,,,
NaCl,LMPM,0,0,0.00E+00,7,no_growth,1,,,,,,,,
NaCl,5506,5,548000000,5.48E+04,Inoculum,cnt,2,,,,,,,,
NaCl,0008,5,950000000,9.50E+04,Inoculum,cnt,2,,,,,,,,
NaCl,031,5,80000000,8.00E+03,Inoculum,cnt,2,,,,,,,,
NaCl,0506,5,312000000,3.12E+04,Inoculum,cnt,2,,,,,,,,
NaCl,5411,6,20000000,2.00E+03,Inoculum,cnt,2,,,,,,,,
NaCl,5506,0,7900,7.90E+04,0,cnt,2,,checked,,,,,,
NaCl,0008,0,7630,7.63E+04,0,cnt,2,,,,,,,,
NaCl,031,0,11000,1.10E+05,0,cnt,2,,,,,,,,
NaCl,0506,0,5380,5.38E+04,0,cnt,2,,,,,,,,
NaCl,5411,0,3910,3.91E+04,0,cnt,2,,,,,,,,
NaCl,APC,0,130,1.30E+03,0,cnt,2,,,,,,,,
NaCl,MOX,0,0,0.00E+00,0,no_growth,2,,,,,,,,
NaCl,LMPM,0,0,0.00E+00,0,no_growth,2,,,,,,,,
NaCl,5506,0,26900,2.69E+05,1,cnt,2,,,,,,,,
NaCl,0008,0,12200,1.22E+05,1,cnt,2,,,,,,,,
NaCl,031,1,10900,1.09E+05,1,cnt,2,,checked,,,,,,
NaCl,0506,0,5490,5.49E+04,1,cnt,2,,,,,,,,
NaCl,5411,0,4110,4.11E+04,1,cnt,2,,,,,,,,
NaCl,APC,0,920,9.20E+03,1,cnt,2,,,,,,,,
NaCl,MOX,0,0,0.00E+00,1,no_growth,2,,,,,,,,
NaCl,LMPM,0,0,0.00E+00,1,no_growth,2,,,,,,,,
NaCl,5506,1,52700,5.27E+05,3,cnt,2,,,,,,,,
NaCl,0008,1,469000,4.69E+06,3,cnt,2,,,,,,,,
NaCl,031,1,400000,4.00E+06,3,cnt,2,,,,,,,,
NaCl,0506,1,71000,7.10E+05,3,cnt,2,,,,,,,,
NaCl,5411,1,30200,3.02E+05,3,cnt,2,,checked,,,,,,
NaCl,APC,0,7490,7.49E+04,3,cnt,2,,,,,,,,
NaCl,MOX,0,0,0.00E+00,3,no_growth,2,,,,,,,,
NaCl,LMPM,0,0,0.00E+00,3,no_growth,2,,,,,,,,
NaCl,5506,3,3890000,3.89E+07,4,cnt,2,,,,,,,,
NaCl,0008,2,195000,1.95E+06,4,cnt,2,,,,,,,,
NaCl,031,2,1530000,1.53E+07,4,cnt,2,,,,,,,,
NaCl,0506,1,56100,5.61E+05,4,cnt,2,,,,,,,,
NaCl,5411,2,366000,3.66E+06,4,cnt,2,,,,,,,,
NaCl,APC,1,5900,5.90E+04,4,cnt,2,,,,,,,,
NaCl,MOX,0,0,0.00E+00,4,no_growth,2,,,,,,,,
NaCl,LMPM,0,0,0.00E+00,4,no_growth,2,,,,,,,,
NaCl,5506,3,10100000,1.01E+08,7,cnt,2,,,,,,,,
NaCl,0008,3,12700000,1.27E+08,7,cnt,2,,,,,,,,
NaCl,031,2,8210000,8.21E+07,7,cnt,2,,,,,,,,
NaCl,0506,3,800000,8.00E+06,7,cnt,2,,,,,,,,
NaCl,5411,3,1810000,1.81E+07,7,cnt,2,,,,,,,,
NaCl,APC,1,693000,6.93E+06,7,cnt,2,,,,,,,,
NaCl,MOX,0,0,0.00E+00,7,no_growth,2,,,,,,,,
NaCl,LMPM,0,0,0.00E+00,7,no_growth,2,,,,,,,,
NaCl,5506,6,1390000000,1.39E+05,Inoculum,cnt,3,,checked,,,,,,
NaCl,0008,6,1480000000,1.48E+05,Inoculum,cnt,3,,,,,,,,
NaCl,031,6,730000000,7.30E+04,Inoculum,cnt,3,,,,,,,,
NaCl,0506,6,300000000,3.00E+04,Inoculum,cnt,3,,,,,,,,
NaCl,5411,5,,,Inoculum,no_growth,3,,,,,,,,
NaCl,5506,0,15300,1.53E+05,0,cnt,3,,,,,,,,
NaCl,0008,0,9290,9.29E+04,0,cnt,3,,,,,,,,
NaCl,031,0,1470,1.47E+04,0,cnt,3,,,,,,,,
NaCl,0506,0,4800,4.80E+04,0,cnt,3,,,,,,,,
NaCl,5411,0,1360,1.36E+04,0,cnt,3,,,,,,,,
NaCl,APC,0,80,8.00E+02,0,cnt,3,,checked,,,,,,
NaCl,MOX,0,0,0.00E+00,0,no_growth,3,,,,,,,,
NaCl,LMPM,0,0,0.00E+00,0,no_growth,3,,,,,,,,
NaCl,5506,1,22100,2.21E+05,1,cnt,3,,,,,,,,
NaCl,0008,0,11700,1.17E+05,1,cnt,3,,,,,,,,
NaCl,031,0,23000,2.30E+05,1,cnt,3,,,,,,,,
NaCl,0506,0,12900,1.29E+05,1,cnt,3,,,,,,,,
NaCl,5411,0,6170,6.17E+04,1,cnt,3,,,,,,,,
NaCl,APC,0,50,5.00E+02,1,cnt,3,,,,,,,,
NaCl,MOX,0,0,0.00E+00,1,no_growth,3,,,,,,,,
NaCl,LMPM,0,0,0.00E+00,1,no_growth,3,,,,,,,,
NaCl,5506,3,570000,5.70E+06,3,cnt,3,,,,,,,,
NaCl,0008,1,158000,1.58E+06,3,cnt,3,,,,,,,,
NaCl,031,2,324000,3.24E+06,3,cnt,3,,,,,,,,
NaCl,0506,1,158000,1.58E+06,3,cnt,3,,,,,,,,
NaCl,5411,1,27500,2.75E+05,3,cnt,3,,,,,,,,
NaCl,APC,0,170,1.70E+03,3,cnt,3,,,,,,,,
NaCl,MOX,0,0,0.00E+00,3,no_growth,3,,,,,,,,
NaCl,LMPM,0,0,0.00E+00,3,no_growth,3,,,,,,,,
NaCl,5506,3,1520000,1.52E+07,4,cnt,3,,,,,,,,
NaCl,0008,2,500000,5.00E+06,4,cnt,3,,checked,,,,,,
NaCl,031,1,559000,5.59E+06,4,cnt,3,,,,,,,,
NaCl,0506,1,718000,7.18E+06,4,cnt,3,,,,,,,,
NaCl,5411,1,136000,1.36E+06,4,cnt,3,,,,,,,,
NaCl,APC,0,200,2.00E+03,4,cnt,3,,,,,,,,
NaCl,MOX,0,0,0.00E+00,4,no_growth,3,,,,,,,,
NaCl,LMPM,0,0,0.00E+00,4,no_growth,3,,,,,,,,
NaCl,5506,1,914000,9.14E+06,7,cnt,3,,,,,,,,
NaCl,0008,1,264000,2.64E+06,7,cnt,3,,,,,,,,
NaCl,031,1,228000,2.28E+06,7,cnt,3,,,,,,,,
NaCl,0506,1,0,0.00E+00,7,no_growth,3,,,,,,,,
NaCl,5411,1,24500,2.45E+05,7,cnt,3,,,,,,,,
NaCl,APC,0,4630,4.63E+04,7,cnt,3,,,,,,,,
NaCl,MOX,0,0,0.00E+00,7,no_growth,3,,,,,,,,
NaCl,LMPM,0,0,0.00E+00,7,no_growth,3,,,,,,,,
pH5.5,5506,5,355000000,3.55E+04,Inoculum,cnt,1,,,,,,,,
pH5.5,0008,5,305000000,3.05E+04,Inoculum,cnt,1,,,,,,,,
pH5.5,031,5,688000000,6.88E+04,Inoculum,cnt,1,,,,,,,,
pH5.5,0506,5,345000000,3.45E+04,Inoculum,cnt,1,,,,,,,,
pH5.5,5411,5,106000000,1.06E+04,Inoculum,cnt,1,,,,,,,,
pH5.5,5506,0,2020,2.02E+04,0,cnt,1,,checked,,,,,,
pH5.5,0008,0,2260,2.26E+04,0,cnt,1,,,,,,,,
pH5.5,031,0,2980,2.98E+04,0,cnt,1,,,,,,,,
pH5.5,0506,0,2390,2.39E+04,0,cnt,1,,,,,,,,
pH5.5,5411,0,859,8.59E+03,0,cnt,1,,,,,,,,
pH5.5,APC,0,40.8,4.08E+02,0,cnt,1,,,,,,,,
pH5.5,MOX,0,0,0.00E+00,0,no_growth,1,,,,,,,,
pH5.5,LMPM,0,0,0.00E+00,0,no_growth,1,,,,,,,,
pH5.5,5506,0,15300,1.53E+05,1,cnt,1,,,,,,,,
pH5.5,0008,0,6040,6.04E+04,1,cnt,1,,,,,,,,
pH5.5,031,0,8350,8.35E+04,1,cnt,1,,checked,,,,,,
pH5.5,0506,0,14100,1.41E+05,1,cnt,1,,,,,,,,
pH5.5,5411,0,1360,1.36E+04,1,cnt,1,,,,,,,,
pH5.5,APC,,,,1,,1,,,,,,,,
pH5.5,MOX,0,0,0.00E+00,1,no_growth,1,,,,,,,,
pH5.5,LMPM,,,,1,,1,,,,,,,,
pH5.5,5506,1,527000,5.27E+06,3,cnt,1,,,,,,,,
pH5.5,0008,1,25100,2.51E+05,2,cnt,1,,,,,,,,
pH5.5,031,2,428000,4.28E+06,3,cnt,1,,,,,,,,
pH5.5,0506,2,320000,3.20E+06,3,cnt,1,,,,,,,,
pH5.5,5411,1,23800,2.38E+05,3,cnt,1,,checked,,,,,,
pH5.5,APC,0,10.2,1.02E+02,2,cnt,1,,,,,,,,
pH5.5,MOX,0,0,0.00E+00,2,no_growth,1,,,,,,,,
pH5.5,LMPM,0,0,0.00E+00,2,no_growth,1,,,,,,,,
pH5.5,5506,1,90600,9.06E+05,4,cnt,1,,,,,,,,
pH5.5,0008,1,123000,1.23E+06,4,cnt,1,,,,,,,,
pH5.5,031,2,2230000,2.23E+07,4,cnt,1,,,,,,,,
pH5.5,0506,2,3960000,3.96E+07,4,cnt,1,,,,,,,,
pH5.5,5411,1,83100,8.31E+05,4,cnt,1,,,,,,,,
pH5.5,APC,0,0,0.00E+00,4,no_growth,1,,,,,,,,
pH5.5,MOX,,,,4,,1,,checked,,,,,,
pH5.5,LMPM,0,0,0.00E+00,4,no_growth,1,,,,,,,,
pH5.5,5506,2,2100000,2.10E+07,7,cnt,1,,,,,,,,
pH5.5,0008,2,3440000,3.44E+07,7,cnt,1,,,,,,,,
pH5.5,031,2,7610000,7.61E+07,7,cnt,1,,,,,,,,
pH5.5,0506,2,1460000,1.46E+07,7,cnt,1,,,,,,,,
pH5.5,5411,2,1300000,1.30E+07,7,cnt,1,,,,,,,,
pH5.5,APC,0,348,3.48E+03,7,cnt,1,,,,,,,,
pH5.5,MOX,0,0,0.00E+00,7,no_growth,1,,,,,,,,
pH5.5,LMPM,0,0,0.00E+00,7,no_growth,1,,,,,,,,
pH5.5,5506,6,240000000,2.40E+04,Inoculum,cnt,2,,checked,,,,,,
pH5.5,0008,5,302000000,3.02E+04,Inoculum,cnt,2,,,,,,,,
pH5.5,031,5,537000000,5.37E+04,Inoculum,cnt,2,,,,,,,,
pH5.5,0506,5,268000000,2.68E+04,Inoculum,cnt,2,,,,,,,,
pH5.5,5411,5,30000000,3.00E+03,Inoculum,cnt,2,,,,,,,,
pH5.5,5506,0,1440,1.44E+04,0,cnt,2,,,,,,,,
pH5.5,0008,1,1400,1.40E+04,0,cnt,2,,,,,,,,
pH5.5,031,1,5300,5.30E+04,0,cnt,2,,,,,,,,
pH5.5,0506,0,1950,1.95E+04,0,cnt,2,,,,,,,,
pH5.5,5411,0,1320,1.32E+04,0,cnt,2,,,,,,,,
pH5.5,APC,0 (should be 1),1000,1.00E+04,0,cnt,2,,checked,,,,,,
pH5.5,MOX,0,0,0.00E+00,0,no_growth,2,,,,,,,,
pH5.5,LMPM,0,0,0.00E+00,0,no_growth,2,,,,,,,,
pH5.5,5506,0,2430,2.43E+04,1,cnt,2,,,,,,,,
pH5.5,0008,1,1900,1.90E+04,1,cnt,2,,,,,,,,
pH5.5,031,0,2350,2.35E+04,1,cnt,2,,,,,,,,
pH5.5,0506,0,3630,3.63E+04,1,cnt,2,,,,,,,,
pH5.5,5411,0,1840,1.84E+04,1,cnt,2,,,,,,,,
pH5.5,APC,0,690,6.90E+03,1,cnt,2,,,,,,,,
pH5.5,MOX,0,0,0.00E+00,1,no_growth,2,,,,,,,,
pH5.5,LMPM,0,0,0.00E+00,1,no_growth,2,,,,,,,,
pH5.5,5506,1,70200,7.02E+05,3,cnt,2,,,,,,,,
pH5.5,0008,0,2300,2.30E+04,3,cnt,2,,,,,,,,
pH5.5,031,0,21300,2.13E+05,3,cnt,2,,,,,,,,
pH5.5,0506,1,53200,5.32E+05,3,cnt,2,,,,,,,,
pH5.5,5411,0,3290,3.29E+04,3,cnt,2,,,,,,,,
pH5.5,APC,1,176000,1.76E+06,3,cnt,2,,,,,,,,
pH5.5,MOX,0,0,0.00E+00,3,no_growth,2,,,,,,,,
pH5.5,LMPM,0,0,0.00E+00,3,no_growth,2,,,,,,,,
pH5.5,5506,1,56900,5.69E+05,4,cnt,2,,,,,,,,
pH5.5,0008,1,59500,5.95E+05,4,cnt,2,,checked,,,,,,
pH5.5,031,1,407000,4.07E+06,4,cnt,2,,,,,,,,
pH5.5,0506,1,109000,1.09E+06,4,cnt,2,,,,,,,,
pH5.5,5411,1,26200,2.62E+05,4,cnt,2,,,,,,,,
pH5.5,APC,1,537000,5.37E+06,4,cnt,2,,,,,,,,
pH5.5,MOX,0,0,0.00E+00,4,no_growth,2,,,,,,,,
pH5.5,LMPM,0,0,0.00E+00,4,no_growth,2,,,,,,,,
pH5.5,5506,2,270000,2.70E+06,7,cnt,2,,,,,,,,
pH5.5,0008,1,203000,2.03E+06,7,cnt,2,,,,,,,,
pH5.5,031,3,2700000,2.70E+07,7,cnt,2,,,,,,,,
pH5.5,0506,1,410000,4.10E+06,7,cnt,2,,checked,,,,,,
pH5.5,5411,1,14400,1.44E+05,7,cnt,2,,,,,,,,
pH5.5,APC,1,152000,1.52E+06,7,cnt,2,,,,,,,,
pH5.5,MOX,0,0,0.00E+00,7,no_growth,2,,,,,,,,
pH5.5,LMPM,0,0,0.00E+00,7,no_growth,2,,,,,,,,
pH5.5,5506,5,48000000,4.80E+03,Inoculum,cnt,3,,,,,,,,
pH5.5,0008,5,14000000,1.40E+03,Inoculum,cnt,3,,,,,,,,
pH5.5,031,5,471000000,4.71E+04,Inoculum,cnt,3,,,,,,,,
pH5.5,0506,5,207000000,2.07E+04,Inoculum,cnt,3,,,,,,,,
pH5.5,5411,5,130000000,1.30E+04,Inoculum,cnt,3,,,,,,,,
pH5.5,5506,0,1100,1.10E+04,0,cnt,3,,checked,,,,,,
pH5.5,0008,0,1330,1.33E+04,0,cnt,3,,,,,,,,
pH5.5,031,0,2170,2.17E+04,0,cnt,3,,,,,,,,
pH5.5,0506,0,1430,1.43E+04,0,cnt,3,,,,,,,,
pH5.5,5411,0,1390,1.39E+04,0,cnt,3,,,,,,,,
pH5.5,APC,0,20,2.00E+02,0,cnt,3,,,,,,,,
pH5.5,MOX,0,0,0.00E+00,0,no_growth,3,,,,,,,,
pH5.5,LMPM,0,0,0.00E+00,0,no_growth,3,,,,,,,,
pH5.5,5506,0,5720,5.72E+04,1,cnt,3,,,,,,,,
pH5.5,0008,0,3730,3.73E+04,1,cnt,3,,,,,,,,
pH5.5,031,0,4690,4.69E+04,1,cnt,3,,checked,,,,,,
pH5.5,0506,0,3400,3.40E+04,1,cnt,3,,,,,,,,
pH5.5,5411,0,1670,1.67E+04,1,cnt,3,,,,,,,,
pH5.5,APC,0,0,0.00E+00,1,no_growth,3,,,,,,,,
pH5.5,MOX,0,0,0.00E+00,1,no_growth,3,,,,,,,,
pH5.5,LMPM,0,0,0.00E+00,1,no_growth,3,,,,,,,,
pH5.5,5506,1,15900,1.59E+05,3,cnt,3,,,,,,,,
pH5.5,0008,1,9500,9.50E+04,3,cnt,3,,,,,,,,
pH5.5,031,0,340,3.40E+03,3,cnt,3,,,,,,,,
pH5.5,0506,1,65500,6.55E+05,3,cnt,3,,,,,,,,
pH5.5,5411,0,69000,6.90E+05,3,cnt,3,,checked,,,,,,
pH5.5,APC,0,350,3.50E+03,3,cnt,3,,,,,,,,
pH5.5,MOX,0,0,0.00E+00,3,no_growth,3,,,,,,,,
pH5.5,LMPM,0,0,0.00E+00,3,no_growth,3,,,,,,,,
pH5.5,5506,1,478000,4.78E+06,4,cnt,3,,,,,,,,
pH5.5,0008,2,635000,6.35E+06,4,cnt,3,,,,,,,,
pH5.5,031,1,249000,2.49E+06,4,cnt,3,,,,,,,,
pH5.5,0506,2,1380000,1.38E+07,4,cnt,3,,,,,,,,
pH5.5,5411,2,541000,5.41E+06,4,cnt,3,,,,,,,,
pH5.5,APC,0,10,1.00E+02,4,cnt,3,,,,,,,,
pH5.5,MOX,0,0,0.00E+00,4,no_growth,3,,,,,,,,
pH5.5,LMPM,0,0,0.00E+00,4,no_growth,3,,,,,,,,
pH5.5,5506,1,615000,6.15E+06,7,cnt,3,,,,,,,,
pH5.5,0008,2,991000,9.91E+06,7,cnt,3,,,,,,,,
pH5.5,031,1,371000,3.71E+06,7,cnt,3,,,,,,,,
pH5.5,0506,2,937000,9.37E+06,7,cnt,3,,,,,,,,
pH5.5,5411,1,70500,7.05E+05,7,cnt,3,,,,,,,,
pH5.5,APC,0,0,0.00E+00,7,no_growth,3,,,,,,,,
pH5.5,MOX,0,0,0.00E+00,7,no_growth,3,,,,,,,,
pH5.5,LMPM,0,0,0.00E+00,7,no_growth,3,,,,,,,,
Stationary,5506,6,1860000000,1.86E+05,Inoculum,cnt,1,,checked,,,,,,
Stationary,0008,6,2110000000,2.11E+05,Inoculum,cnt,1,,,,,,,,
Stationary,031,6,2060000000,2.06E+05,Inoculum,cnt,1,,,,,,,,
Stationary,0506,6,1670000000,1.67E+05,Inoculum,cnt,1,,,,,,,,
Stationary,5411,6,1460000000,1.46E+05,Inoculum,cnt,1,,,,,,,,
Stationary,5506,0,11100,1.11E+05,0,cnt,1,,,,,,,,
Stationary,0008,0,6390,6.39E+04,0,cnt,1,,,,,,,,
Stationary,031,0,13800,1.38E+05,0,cnt,1,,,,,,,,
Stationary,0506,0,4060,4.06E+04,0,cnt,1,,,,,,,,
Stationary,5411,0,14000,1.40E+05,0,cnt,1,,,,,,,,
Stationary,APC,1,0,0.00E+00,0,no_growth,1,,,,,,,,
Stationary,MOX,0,0,0.00E+00,0,no_growth,1,,,,,,,,
Stationary,LMPM,0,10.2,1.02E+02,0,cnt,1,,,,,,,,
Stationary,5506,2,81000,8.10E+05,1,cnt,1,,,,,,,,
Stationary,0008,1,47500,4.75E+05,1,cnt,1,,,,,,,,
Stationary,031,1,62900,6.29E+05,1,cnt,1,,,,,,,,
Stationary,0506,0,26500,2.65E+05,1,cnt,1,,,,,,,,
Stationary,5411,0,8430,8.43E+04,1,cnt,1,,,,,,,,
Stationary,APC,0,337,3.37E+03,1,cnt,1,,,,,,,,
Stationary,MOX,0,164,1.64E+03,1,cnt,1,,,,,,,,
Stationary,LMPM,0,61.3,6.13E+02,1,cnt,1,,checked,,,,,,
Stationary,5506,2,434000,4.34E+06,3,cnt,1,,,,,,,,
Stationary,0008,2,676000,6.76E+06,3,cnt,1,,,,,,,,
Stationary,031,2,529000,5.29E+06,3,cnt,1,,,,,,,,
Stationary,0506,2,591000,5.91E+06,3,cnt,1,,,,,,,,
Stationary,5411,2,274000,2.74E+06,3,cnt,1,,,,,,,,
Stationary,APC,0,71.5,7.15E+02,3,cnt,1,,,,,,,,
Stationary,MOX,0,0,0.00E+00,3,no_growth,1,,,,,,,,
Stationary,LMPM,0,0,0.00E+00,3,no_growth,1,,,,,,,,
Stationary,5506,2,2160000,2.16E+07,4,cnt,1,,,,,,,,
Stationary,0008,2,5090000,5.09E+07,4,cnt,1,,checked,,,,,,
Stationary,031,2,3180000,3.18E+07,4,cnt,1,,,,,,,,
Stationary,0506,2,4020000,4.02E+07,4,cnt,1,,,,,,,,
Stationary,5411,1,152000,1.52E+06,4,cnt,1,,,,,,,,
Stationary,APC,0,12500,1.25E+05,4,cnt,1,,,,,,,,
Stationary,MOX,,,,4,,1,,,,,,,,
Stationary,LMPM,0,0,0.00E+00,4,no_growth,1,,,,,,,,
Stationary,5506,3,38500000,3.85E+08,7,cnt,1,,,,,,,,
Stationary,0008,3,7710000,7.71E+07,7,cnt,1,,,,,,,,
Stationary,031,2,4460000,4.46E+07,7,cnt,1,,,,,,,,
Stationary,0506,3,13800000,1.38E+08,7,cnt,1,,checked,,,,,,
Stationary,5411,3,12700000,1.27E+08,7,cnt,1,,,,,,,,
Stationary,APC,1,15800,1.58E+05,7,cnt,1,,,,,,,,
Stationary,MOX,0,0,0.00E+00,7,no_growth,1,,,,,,,,
Stationary,LMPM,0,0,0.00E+00,7,no_growth,1,,,,,,,,
Stationary,5506,,,,Inoculum,,2,,,,,,,,
Stationary,0008,,,,Inoculum,,2,,,,,,,,
Stationary,031,,,,Inoculum,,2,,,,,,,,
Stationary,0506,,,,Inoculum,,2,,,,,,,,
Stationary,5411,,,,Inoculum,,2,,,,,,,,
Stationary,5506,0,6090,6.09E+04,0,cnt,2,,checked,,,,,,
Stationary,0008,0,7590,7.59E+04,0,cnt,2,,,,,,,,
Stationary,031,0,13500,1.35E+05,0,cnt,2,,,,,,,,
Stationary,0506,1,7800,7.80E+04,0,cnt,2,,,,,,,,
Stationary,5411,0,4050,4.05E+04,0,cnt,2,,,,,,,,
Stationary,APC,0,20.4,2.04E+02,0,cnt,2,,,,,,,,
Stationary,MOX,0,0,0.00E+00,0,no_growth,2,,,,,,,,
Stationary,LMPM,0,20,2.00E+02,0,cnt,2,,,,,,,,
Stationary,5506,1,50400,5.04E+05,1,cnt,2,,,,,,,,
Stationary,0008,1,50900,5.09E+05,1,cnt,2,,,,,,,,
Stationary,031,1,55800,5.58E+05,1,cnt,2,,checked,,,,,,
Stationary,0506,1,51600,5.16E+05,1,cnt,2,,,,,,,,
Stationary,5411,0,9370,9.37E+04,1,cnt,2,,,,,,,,
Stationary,APC,0,0,0.00E+00,1,no_growth,2,,,,,,,,
Stationary,MOX,0,0,0.00E+00,1,no_growth,2,,,,,,,,
Stationary,LMPM,0,0,0.00E+00,1,no_growth,2,,,,,,,,
Stationary,5506,2,1530000,1.53E+07,3,cnt,2,,,,,,,,
Stationary,0008,2,2220000,2.22E+07,3,cnt,2,,,,,,,,
Stationary,031,2,3570000,3.57E+07,3,cnt,2,,,,,,,,
Stationary,0506,2,668000,6.68E+06,3,cnt,2,,,,,,,,
Stationary,5411,2,902000,9.02E+06,3,cnt,2,,checked,,,,,,
Stationary,APC,0,120,1.20E+03,3,cnt,2,,,,,,,,
Stationary,MOX,0,0,0.00E+00,3,no_growth,2,,,,,,,,
Stationary,LMPM,0,0,0.00E+00,3,no_growth,2,,,,,,,,
Stationary,5506,3,3560000,3.56E+07,4,cnt,2,,,,,,,,
Stationary,0008,3,1160000,1.16E+07,4,cnt,2,,,,,,,,
Stationary,031,3,2360000,2.36E+07,4,cnt,2,,,,,,,,
Stationary,0506,3,2880000,2.88E+07,4,cnt,2,,,,,,,,
Stationary,5411,3,1390000,1.39E+07,4,cnt,2,,,,,,,,
Stationary,APC,1,46200,4.62E+05,4,cnt,2,,,,,,,,
Stationary,MOX,0,0,0.00E+00,4,no_growth,2,,,,,,,,
Stationary,LMPM,0,0,0.00E+00,4,no_growth,2,,,,,,,,
Stationary,5506,3,600000,6.00E+06,7,cnt,2,,,,,,,,
Stationary,0008,2,131000,1.31E+06,7,cnt,2,,,,,,,,
Stationary,031,2,1590000,1.59E+07,7,cnt,2,,,,,,,,
Stationary,0506,2,812000,8.12E+06,7,cnt,2,,,,,,,,
Stationary,5411,2,12500000,1.25E+08,7,cnt,2,,,,,,,,
Stationary,APC,1,7400,7.40E+04,7,cnt,2,,,,,,,,
Stationary,MOX,0,0,0.00E+00,7,no_growth,2,,,,,,,,
Stationary,LMPM,0,0,0.00E+00,7,no_growth,2,,,,,,,,
Stationary,5506,6,2650000000,2.65E+05,Inoculum,cnt,3,,checked,,,,,,
Stationary,0008,6,2520000000,2.52E+05,Inoculum,cnt,3,,,,,,,,
Stationary,031,6,2980000000,2.98E+05,Inoculum,cnt,3,,,,,,,,
Stationary,0506,6,1520000000,1.52E+05,Inoculum,cnt,3,,,,,,,,
Stationary,5411,6,1940000000,1.94E+05,Inoculum,cnt,3,,,,,,,,
Stationary,5506,1,13800,1.38E+05,0,cnt,3,,,,,,,,
Stationary,0008,1,20500,2.05E+05,0,cnt,3,,,,,,,,
Stationary,031,1,18100,1.81E+05,0,cnt,3,,,,,,,,
Stationary,0506,1,8100,8.10E+04,0,cnt,3,,,,,,,,
Stationary,5411,1,12800,1.28E+05,0,cnt,3,,,,,,,,
Stationary,APC,1,4300,4.30E+04,0,cnt,3,,checked,,,,,,
Stationary,MOX,0,0,0.00E+00,0,no_growth,3,,,,,,,,
Stationary,LMPM,0,0,0.00E+00,0,no_growth,3,,,,,,,,
Stationary,5506,1,38000,3.80E+05,1,cnt,3,,,,,,,,
Stationary,0008,1,71000,7.10E+05,1,cnt,3,,,,,,,,
Stationary,031,1,21400,2.14E+05,1,cnt,3,,,,,,,,
Stationary,0506,1,98800,9.88E+05,1,cnt,3,,,,,,,,
Stationary,5411,1,14300,1.43E+05,1,cnt,3,,,,,,,,
Stationary,APC,0,90,9.00E+02,1,cnt,3,,,,,,,,
Stationary,MOX,0,0,0.00E+00,1,no_growth,3,,,,,,,,
Stationary,LMPM,0,0,0.00E+00,1,no_growth,3,,,,,,,,
Stationary,5506,3,4230000,4.23E+07,3,cnt,3,,,,,,,,
Stationary,0008,3,1250000,1.25E+07,3,cnt,3,,,,,,,,
Stationary,031,3,720000,7.20E+06,3,cnt,3,,,,,,,,
Stationary,0506,3,2570000,2.57E+07,3,cnt,3,,,,,,,,
Stationary,5411,2,114000,1.14E+06,3,cnt,3,,,,,,,,
Stationary,APC,1,64100,6.41E+05,3,cnt,3,,,,,,,,
Stationary,MOX,0,0,0.00E+00,3,no_growth,3,,,,,,,,
Stationary,LMPM,0,0,0.00E+00,3,no_growth,3,,,,,,,,
Stationary,5506,2,36000,3.60E+05,4,cnt,3,,,,,,,,
Stationary,0008,3,570000,5.70E+06,4,cnt,3,,checked,,,,,,
Stationary,031,2,4220000,4.22E+07,4,cnt,3,,,,,,,,
Stationary,0506,2,157000,1.57E+06,4,cnt,3,,,,,,,,
Stationary,5411,3,790000,7.90E+06,4,cnt,3,,,,,,,,
Stationary,APC,1,,,4,tnt,3,,,,,,,,
Stationary,MOX,0,0,0.00E+00,4,no_growth,3,,,,,,,,
Stationary,LMPM,0,0,0.00E+00,4,no_growth,3,,,,,,,,
Stationary,5506,3,8180000,8.18E+07,7,cnt,3,,,,,,,,
Stationary,0008,4,13000000,1.30E+08,7,cnt,3,,,,,,,,
Stationary,031,4,11300000,1.13E+08,7,cnt,3,,,,,,,,
Stationary,0506,3,3590000,3.59E+07,7,cnt,3,,checked,,,,,,
Stationary,5411,2,2620000,2.62E+07,7,cnt,3,,,,,,,,
Stationary,APC,1,,,7,tnt,3,,,,,,,,
Stationary,MOX,0,0,0.00E+00,7,no_growth,3,,,,,,,,
Stationary,LMPM,0,0,0.00E+00,7,no_growth,3,,,,,,,,
