"","Plant","VSLNumber","SampleID","spoilagetype","SPC_D10","SPC_D14","SPC_D17","SPC_D21","SPC_D7","SPC_DI","LOD_SPC_D10","LOD_SPC_D14","LOD_SPC_D17","LOD_SPC_D21","LOD_SPC_D7","LOD_SPC_DI"
"1","Byrne Dairy","434","62","spore",82,613,1780,83300,266,542,"OK","OK","OK","OK","OK","OK"
"2","Byrne Dairy","434","62-1","spore",123,4e+05,102,65400,174,440,"OK",">","OK","OK","OK","OK"
"3","Byrne Dairy","434","62-2","ppc",4910000,6140,24400,60500,1820,184,"OK","OK","OK","OK","OK","OK"
"4","Byrne Dairy","434","63","NotSpoiled",154,654,2960,19700,348,429,"OK","OK","OK","OK","OK","OK"
"5","Byrne Dairy","434","63-2","NotSpoiled",41,941,245,13900,133,225,"OK","OK","OK","OK","OK","OK"
"6","Byrne Dairy","437","22","spore",949,4280,51500,2.87e+08,550,1190,"OK","OK","OK","OK","OK","OK"
"7","Byrne Dairy","437","22-1","spore",664,3030,194000,4e+05,1230,1090,"OK","OK","OK",">","OK","OK"
"8","Byrne Dairy","437","22-2","ppc",3670000,35700000,68500000,2.53e+08,2430,1230,"OK","OK","OK","OK","OK","OK"
"9","Byrne Dairy","437","23","spore",1390,921,40800,78400000,1650,2620,"OK","OK","OK","OK","OK","OK"
"10","Byrne Dairy","437","23-2","ppc",5e+07,3.84e+08,3.51e+08,2.84e+08,128000,1830,"OK","OK","OK","OK","OK","OK"
"11","Byrne Dairy","439","52","spore",92,287,5710,181000,92,102,"OK","OK","OK","OK","OK","OK"
"12","Byrne Dairy","439","52-1","spore",51,736,4e+05,195000,113,194,"OK","OK",">","OK","OK","OK"
"13","Byrne Dairy","439","52-2","ppc",175000,1.9e+08,613000,3.14e+08,521,174,"OK","OK","OK","OK","OK","OK"
"14","Byrne Dairy","439","53","spore",31,2800,1290,53100,153,174,"OK","OK","OK","OK","OK","OK"
"15","Byrne Dairy","439","53-1","ppc",32100000,1.35e+08,3.46e+08,1.76e+08,81800,21,"OK","OK","OK","OK","OK","OK"
"16","Byrne Dairy","439","53-2","ppc",90200000,2.84e+08,3.2e+08,1.35e+08,6910000,215,"OK","OK","OK","OK","OK","OK"
"17","Byrne Dairy","442","22","ppc",1.34e+08,4.96e+08,1e+05,3090000,4960000,6460,"OK","OK","<","OK","OK","OK"
"18","Byrne Dairy","442","22-1","ppc",36900000,66500000,57600000,3.77e+08,99900,144,"OK","OK","OK","OK","OK","OK"
"19","Byrne Dairy","442","22-2","spore",1990,14300000,3.94e+08,19600000,2060,2490,"OK","OK","OK","OK","OK","OK"
"20","Byrne Dairy","442","23","spore",1100,116000,62700000,1.2e+07,430,266,"OK","OK","OK","OK","OK","OK"
"21","Byrne Dairy","442","23-1","ppc",735000,4930000,15400000,13700000,6620,4810,"OK","OK","OK","OK","OK","OK"
"22","Byrne Dairy","442","23-2","ppc",40400000,1.1e+08,1.8e+08,2.36e+08,128000,501,"OK","OK","OK","OK","OK","OK"
"23","Byrne Dairy","457","21","NotSpoiled",2000,20,2700,10000,170,200,"OK","OK","OK","OK","OK","OK"
"24","Byrne Dairy","457","22","NotSpoiled",290,100,2000,2700,120,240,"OK","OK","OK","OK","OK","OK"
"25","Byrne Dairy","457","22-1","spore",3200,1300000,6e+07,4.4e+08,240,240,"OK","OK","OK","OK","OK","OK"
"26","Byrne Dairy","457","22-2","ppc",1.9e+07,6.2e+07,2.2e+08,5.1e+08,4e+05,350,"OK","OK","OK","OK",">","OK"
"27","Byrne Dairy","457","22-3","ppc",9.5e+07,2.4e+09,1.9e+08,NA,4e+05,540,"OK","OK","OK","OK",">","OK"
"28","Byrne Dairy","457","23","spore",170,120000,130,870,300,180,"OK","OK","OK","OK","OK","OK"
"29","Byrne Dairy","457","23-1","spore",240,3100,20000,3400000,310,420,"OK","OK","OK","OK","OK","OK"
"30","Byrne Dairy","457","23-2","ppc",3400000,2.3e+07,4.3e+07,7.6e+07,500,330,"OK","OK","OK","OK","OK","OK"
"31","Byrne Dairy","457","23-3","NotSpoiled",170,130,150,2400,220,540,"OK","OK","OK","OK","OK","OK"
"32","Byrne Dairy","457","23-4","spore",200,5100,46000,160000,220,300,"OK","OK","OK","OK","OK","OK"
"33","Byrne Dairy","457","24","spore",160,130,530,110000,300,300,"OK","OK","OK","OK","OK","OK"
"34","Byrne Dairy","457","24-1","spore",270,12000,540000,1e+07,350,250,"OK","OK","OK","OK","OK","OK"
"35","Byrne Dairy","Aim2","Prelim","ppc",35300000,177500000,NA,NA,48650,3240,"OK","OK","OK","OK","OK","OK"
"36","Byrne Dairy","Aim2","Prelim","ppc",9575000,3.9e+07,NA,NA,3210,2105,"OK","OK","OK","OK","OK","OK"
"37","Byrne Dairy","Aim2","Prelim","spore",1420,43350000,725500,123000,2370,2870,"OK","OK","OK","OK","OK","OK"
"38","Byrne Dairy","Aim2","Prelim","ppc",13800000,51100,4.83e+08,613000,4150,2450,"OK","OK","OK","OK","OK","OK"
"39","Byrne Dairy","Aim2","Prelim","NotSpoiled",1460,164,999,1980,2380,2890,"OK","OK","OK","OK","OK","OK"
"40","Byrne Dairy","Aim2","Prelim","ppc",28750000,267500000,NA,NA,66850,2370,"OK","OK","OK","OK","OK","OK"
"41","Byrne Dairy","Aim2","Prelim","ppc",16250000,2.51e+08,NA,NA,31700,2975,"OK","OK","OK","OK","OK","OK"
"42","Byrne Dairy","Aim2","Prelim","ppc",42300000,2.49e+08,NA,NA,53250,2140,"OK","OK","OK","OK","OK","OK"
"43","Cornell Dairy","434","72","ppc",34500000,3.88e+08,4.01e+08,2.05e+08,4e+05,164,"OK","OK","OK","OK",">","OK"
"44","Cornell Dairy","434","72-1","ppc",41800000,3.31e+08,3.79e+08,5.28e+08,4e+05,133,"OK","OK","OK","OK",">","OK"
"45","Cornell Dairy","434","73","ppc",41500000,1.38e+08,2.26e+08,2.76e+08,4e+05,123,"OK","OK","OK","OK",">","OK"
"46","Cornell Dairy","434","73-1","ppc",37900000,1.87e+08,3.56e+08,2.53e+08,4e+05,450,"OK","OK","OK","OK",">","OK"
"47","Cornell Dairy","437","32","NotSpoiled",1200,818,1040,18000,848,1130,"OK","OK","OK","OK","OK","OK"
"48","Cornell Dairy","437","32-1","spore",1710,2230,9610,9810000,1200,1410,"OK","OK","OK","OK","OK","OK"
"49","Cornell Dairy","437","33","spore",1020,1030,1470,557000,1260,1030,"OK","OK","OK","OK","OK","OK"
"50","Cornell Dairy","437","33-1","spore",1190,624,2930,1740000,1250,1470,"OK","OK","OK","OK","OK","OK"
"51","Cornell Dairy","439","62","NotSpoiled",245,368,634,5980,337,327,"OK","OK","OK","OK","OK","OK"
"52","Cornell Dairy","439","62-1","spore",246,388,593,55500,450,338,"OK","OK","OK","OK","OK","OK"
"53","Cornell Dairy","439","63","ppc",499000,1000,266,3900,6200,246,"OK","<","OK","OK","OK","OK"
"54","Cornell Dairy","439","63-1","NotSpoiled",276,174,419,4500,307,205,"OK","OK","OK","OK","OK","OK"
"55","Cornell Dairy","442","32","NotSpoiled",634,471,570,399,674,552,"OK","OK","OK","OK","OK","OK"
"56","Cornell Dairy","442","32-1","NotSpoiled",501,1210,1830,4330,552,613,"OK","OK","OK","OK","OK","OK"
"57","Cornell Dairy","442","33","NotSpoiled",481,450,540,276,675,501,"OK","OK","OK","OK","OK","OK"
"58","Cornell Dairy","442","33-1","NotSpoiled",644,501,5490,1220,757,654,"OK","OK","OK","OK","OK","OK"
"59","Garelick Farms","435","42","spore",1550,2760,25200,4090000,550,660,"OK","OK","OK","OK","OK","OK"
"60","Garelick Farms","435","42-1","spore",511,25400,6030,661000,532,501,"OK","OK","OK","OK","OK","OK"
"61","Garelick Farms","435","42-2","spore",12100,2560,13700,231000,511,491,"OK","OK","OK","OK","OK","OK"
"62","Garelick Farms","435","43","spore",174,133,22900,103000,220,260,"OK","OK","OK","OK","OK","OK"
"63","Garelick Farms","435","43-1","spore",123,705,2190,4e+05,195,246,"OK","OK","OK",">","OK","OK"
"64","Garelick Farms","435","43-2","spore",389,973,10300,73600,225,297,"OK","OK","OK","OK","OK","OK"
"65","Garelick Farms","437","72","ppc",4430000,21500,2530000,15500000,8310,389,"OK","OK","OK","OK","OK","OK"
"66","Garelick Farms","437","72-1","ppc",10800000,2.18e+08,4310000,34500000,4710,327,"OK","OK","OK","OK","OK","OK"
"67","Garelick Farms","437","72-2","spore",1960,99100,7930000,4.1e+07,256,276,"OK","OK","OK","OK","OK","OK"
"68","Garelick Farms","437","73","ppc",8770000,16000,5130000,1970000,3220,348,"OK","OK","OK","OK","OK","OK"
"69","Garelick Farms","437","73-1","spore",266,103000,1.5e+07,9800000,266,460,"OK","OK","OK","OK","OK","OK"
"70","Garelick Farms","437","73-2","ppc",6550000,4050,57800,1380000,52700,338,"OK","OK","OK","OK","OK","OK"
"71","Garelick Farms","440","42","spore",307,3900,168000,350000,164,143,"OK","OK","OK","OK","OK","OK"
"72","Garelick Farms","440","42-1","spore",245,3140,207000,3200000,113,113,"OK","OK","OK","OK","OK","OK"
"73","Garelick Farms","440","42-2","spore",245,4750,63100,1110000,153,102,"OK","OK","OK","OK","OK","OK"
"74","Garelick Farms","440","43","spore",92,205,148000,502000,123,51,"OK","OK","OK","OK","OK","OK"
"75","Garelick Farms","440","43-1","spore",31,26100,4090,353000,92,154,"OK","OK","OK","OK","OK","OK"
"76","Garelick Farms","440","43-2","spore",573,18100000,2.03e+08,204000,113,215,"OK","OK","OK","OK","OK","OK"
"77","Garelick Farms","442","72","spore",297,1500,13200,149000,287,429,"OK","OK","OK","OK","OK","OK"
"78","Garelick Farms","442","72-1","spore",358,521,9470,195000,307,317,"OK","OK","OK","OK","OK","OK"
"79","Garelick Farms","442","72-2","spore",205,450,3330,73600,235,368,"OK","OK","OK","OK","OK","OK"
"80","Garelick Farms","442","73","spore",286,4e+05,164,929,286,286,"OK",">","OK","OK","OK","OK"
"81","Garelick Farms","442","73-1","spore",235,184,184,4e+05,287,450,"OK","OK","OK",">","OK","OK"
"82","Garelick Farms","442","73-2","spore",194,256,40000,143,368,358,"OK","OK","OK","OK","OK","OK"
"83","Garelick Farms","458","11","spore",2400,27000,650000,2300000,2800,4000,"OK","OK","OK","OK","OK","OK"
"84","Garelick Farms","458","12","ppc",1.7e+07,1.1e+08,8e+06,6.6e+07,23000,1000,"OK","OK","OK","OK","OK","OK"
"85","Garelick Farms","458","12-1","ppc",9800000,8e+07,2.1e+08,1.3e+08,56000,860,"OK","OK","OK","OK","OK","OK"
"86","Garelick Farms","458","12-2","spore",310,1300,20000,260000,1000,540,"OK","OK","OK","OK","OK","OK"
"87","Garelick Farms","458","12-3","spore",710,2000,1e+05,3900000,990,830,"OK","OK","OK","OK","OK","OK"
"88","Garelick Farms","458","13","spore",620,4e+05,4e+07,3e+05,1300,1100,"OK",">",">","OK","OK","OK"
"89","Garelick Farms","458","13-1","spore",2800,2500000,4e+07,6.4e+07,19000,460,"OK","OK",">","OK","OK","OK"
"90","Garelick Farms","458","13-2","ppc",1.2e+07,2.6e+08,3.2e+08,7.2e+07,43000,710,"OK","OK","OK","OK","OK","OK"
"91","Garelick Farms","458","13-3","spore",940,620,7500,160000,1800,920,"OK","OK","OK","OK","OK","OK"
"92","Garelick Farms","458","14","spore",640,500,1900,190000,890,410,"OK","OK","OK","OK","OK","OK"
"93","Garelick Farms","Aim2","Prelim","ppc",20750000,92250000,NA,NA,69750,888,"OK","OK","OK","OK","OK","OK"
"94","Garelick Farms","Aim2","Prelim","ppc",4955000,17150000,NA,NA,1535,776,"OK","OK","OK","OK","OK","OK"
"95","Garelick Farms","Aim2","Prelim","ppc",19600000,1.1e+08,NA,NA,14550,532,"OK","OK","OK","OK","OK","OK"
"96","Garelick Farms","Aim2","Prelim","ppc",28950000,NA,NA,NA,5090000,838,"OK","OK","OK","OK","OK","OK"
"97","Garelick Farms","Aim2","Prelim","ppc",23500000,81600000,NA,NA,4e+05,603,"OK","OK","OK","OK","OK","OK"
"98","Garelick Farms","Aim2","Prelim","ppc",12450000,18750000,NA,NA,1605,490,"OK","OK","OK","OK","OK","OK"
"99","Hood-Agawam","433","11","spore",450,1650,908,3070000,623,603,"OK","OK","OK","OK","OK","OK"
"100","Hood-Agawam","433","12","spore",501,583,1580,149000,573,920,"OK","OK","OK","OK","OK","OK"
"101","Hood-Agawam","433","12-2","spore",552,654,184,33200,531,849,"OK","OK","OK","OK","OK","OK"
"102","Hood-Agawam","433","13-2","NotSpoiled",143,409,112,92,266,378,"OK","OK","OK","OK","OK","OK"
"103","Hood-Agawam","433","14","spore",726,603,716,2090000,777,1080,"OK","OK","OK","OK","OK","OK"
"104","Hood-Agawam","436","92","spore",450,145000,450,405000,583,562,"OK","OK","OK","OK","OK","OK"
"105","Hood-Agawam","436","92-2","NotSpoiled",389,1760,501,409,664,716,"OK","OK","OK","OK","OK","OK"
"106","Hood-Agawam","436","93","NotSpoiled",1040,675,593,11500,1160,1570,"OK","OK","OK","OK","OK","OK"
"107","Hood-Agawam","436","93-1","spore",858,848,675,111000,1220,1450,"OK","OK","OK","OK","OK","OK"
"108","Hood-Agawam","436","93-2","NotSpoiled",204,195,491,10200,358,337,"OK","OK","OK","OK","OK","OK"
"109","Hood-Agawam","438","12","ppc",12500000,20600000,72300000,4.98e+09,11700,360,"OK","OK","OK","OK","OK","OK"
"110","Hood-Agawam","438","12-2","spore",552,4e+05,8090,4e+07,521,644,"OK",">","OK",">","OK","OK"
"111","Hood-Agawam","438","13","NotSpoiled",123,562,330,70,644,430,"OK","OK","OK","OK","OK","OK"
"112","Hood-Agawam","438","13-1","NotSpoiled",307,256,429,215,532,460,"OK","OK","OK","OK","OK","OK"
"113","Hood-Agawam","438","13-2","NotSpoiled",644,215,215,409,491,531,"OK","OK","OK","OK","OK","OK"
"114","Hood-Agawam","441","62","spore",154,1580,14600,62400,113,113,"OK","OK","OK","OK","OK","OK"
"115","Hood-Agawam","441","62-2","spore",389,4e+05,613,1170,399,430,"OK",">","OK","OK","OK","OK"
"116","Hood-Agawam","441","63","spore",15600,19600,2650,125000,245,379,"OK","OK","OK","OK","OK","OK"
"117","Hood-Agawam","441","63-1","NotSpoiled",286,409,388,818,307,491,"OK","OK","OK","OK","OK","OK"
"118","Hood-Agawam","441","63-2","ppc",3050000,33100000,71500000,1e+05,1700,481,"OK","OK","OK","<","OK","OK"
"119","Hood-Barre","433","41","spore",144,929,34800,10200000,82,92,"OK","OK","OK","OK","OK","OK"
"120","Hood-Barre","433","42","spore",123,807,0,130000,225,817,"OK","OK","OK","OK","OK","OK"
"121","Hood-Barre","433","42-1","spore",123,133,68800,1270000,184,102,"OK","OK","OK","OK","OK","OK"
"122","Hood-Barre","433","43","spore",113,123,2910,3270000,133,225,"OK","OK","OK","OK","OK","OK"
"123","Hood-Barre","433","43-1","NotSpoiled",102,184,51,1530,225,286,"OK","OK","OK","OK","OK","OK"
"124","Hood-Barre","433","44","spore",204,266,13200,2200000,102,102,"OK","OK","OK","OK","OK","OK"
"125","Hood-Barre","436","102","spore",92,82,225,27000,61,82,"OK","OK","OK","OK","OK","OK"
"126","Hood-Barre","436","102-1","NotSpoiled",92,61,2780,1630,41,51,"OK","OK","OK","OK","OK","OK"
"127","Hood-Barre","436","103","NotSpoiled",21,20,10,20,21,41,"OK","OK","OK","OK","OK","OK"
"128","Hood-Barre","436","103-1","NotSpoiled",20,41,10,10,20,31,"OK","OK","<","<","OK","OK"
"129","Hood-Barre","438","42","spore",20,31,450,747000,10,41,"OK","OK","OK","OK","<","OK"
"130","Hood-Barre","438","42-1","NotSpoiled",10,41,777,154,92,61,"OK","OK","OK","OK","OK","OK"
"131","Hood-Barre","438","43","NotSpoiled",20,41,31,82,20,82,"OK","OK","OK","OK","OK","OK"
"132","Hood-Barre","441","72","NotSpoiled",296,215,154,307,286,164,"OK","OK","OK","OK","OK","OK"
"133","Hood-Barre","441","72-1","NotSpoiled",246,368,133,388,297,307,"OK","OK","OK","OK","OK","OK"
"134","Hood-Barre","441","73","NotSpoiled",41,72,389,3010,72,10,"OK","OK","OK","OK","OK","OK"
"135","Hood-Barre","441","73-1","spore",113,858,6550,4e+05,31,51,"OK","OK","OK",">","OK","OK"
"136","Hood-Concord","433","21","spore",634,17600,399000,2.1e+07,562,735,"OK","OK","OK","OK","OK","OK"
"137","Hood-Concord","433","22","spore",2920,99700,2300000,70500000,665,1200,"OK","OK","OK","OK","OK","OK"
"138","Hood-Concord","433","22-1","spore",818,1680,118000,19400000,603,1030,"OK","OK","OK","OK","OK","OK"
"139","Hood-Concord","433","22-2","spore",572,1910,45000,2490000,634,838,"OK","OK","OK","OK","OK","OK"
"140","Hood-Concord","433","23","spore",154,3810,1340,108000,123,194,"OK","OK","OK","OK","OK","OK"
"141","Hood-Concord","433","23-1","NotSpoiled",41,10,297,256,10,123,"OK","<","OK","OK","OK","OK"
"142","Hood-Concord","433","23-2","spore",51,72,102,35000,92,143,"OK","OK","OK","OK","OK","OK"
"143","Hood-Concord","433","24","spore",654,1700,31700,9610000,552,746,"OK","OK","OK","OK","OK","OK"
"144","Hood-Concord","435","72","NotSpoiled",603,460,2340,276,430,879,"OK","OK","OK","OK","OK","OK"
"145","Hood-Concord","435","72-1","NotSpoiled",798,583,1140,2940,501,818,"OK","OK","OK","OK","OK","OK"
"146","Hood-Concord","435","72-2","NotSpoiled",634,971,256,3640,562,838,"OK","OK","OK","OK","OK","OK"
"147","Hood-Concord","435","73","NotSpoiled",1020,1680,583,511,767,1260,"OK","OK","OK","OK","OK","OK"
"148","Hood-Concord","435","73-1","NotSpoiled",939,1030,552,950,715,1140,"OK","OK","OK","OK","OK","OK"
"149","Hood-Concord","435","73-2","spore",736,1100,5120,4e+05,1030,1200,"OK","OK","OK",">","OK","OK"
"150","Hood-Concord","438","22","spore",2950,10400,727000,2020000,3580,5600,"OK","OK","OK","OK","OK","OK"
"151","Hood-Concord","438","22-1","spore",4180,7710,93900,902000,5140,5730,"OK","OK","OK","OK","OK","OK"
"152","Hood-Concord","438","22-2","spore",3940,6390,101000,549000,4280,4850,"OK","OK","OK","OK","OK","OK"
"153","Hood-Concord","438","23","spore",1230,1960,2910,231000,1680,2760,"OK","OK","OK","OK","OK","OK"
"154","Hood-Concord","438","23-1","spore",2180,3310,4370,227000,2090,2670,"OK","OK","OK","OK","OK","OK"
"155","Hood-Concord","438","23-2","ppc",3650000,10600000,1.16e+08,86700000,15900,2710,"OK","OK","OK","OK","OK","OK"
"156","Hood-Concord","440","82","ppc",10200000,1.97e+08,55900000,2.76e+08,6940,951,"OK","OK","OK","OK","OK","OK"
"157","Hood-Concord","440","82-1","spore",1610,55100,3330000,17800000,624,910,"OK","OK","OK","OK","OK","OK"
"158","Hood-Concord","440","82-2","spore",1300,4e+05,1600000,27900000,593,939,"OK",">","OK","OK","OK","OK"
"159","Hood-Concord","440","83","spore",1110,1300,7200,841000,787,1180,"OK","OK","OK","OK","OK","OK"
"160","Hood-Concord","440","83-1","spore",2080,2340,10300000,734000,695,859,"OK","OK","OK","OK","OK","OK"
"161","Hood-Concord","440","83-2","ppc",10800000,1000,61400,881000,27800,685,"OK","<","OK","OK","OK","OK"
"162","Hood-Portland","433","31","spore",17700,82300000,2.94e+08,2.76e+10,614,838,"OK","OK","OK","OK","OK","OK"
"163","Hood-Portland","433","32","ppc",11300000,2.16e+08,2.35e+08,7.08e+08,3510,174,"OK","OK","OK","OK","OK","OK"
"164","Hood-Portland","433","32-1","NotSpoiled",205,102,174,3100,184,123,"OK","OK","OK","OK","OK","OK"
"165","Hood-Portland","433","32-2","spore",92,92,440,28100,123,174,"OK","OK","OK","OK","OK","OK"
"166","Hood-Portland","433","33","spore",205,38700,204,9830,368,307,"OK","OK","OK","OK","OK","OK"
"167","Hood-Portland","433","33-1","ppc",1700000,26800000,10000,3520,1690,297,"OK","OK","<","OK","OK","OK"
"168","Hood-Portland","433","33-2","NotSpoiled",266,205,215,3260,215,491,"OK","OK","OK","OK","OK","OK"
"169","Hood-Portland","433","34","ppc",8330000,2.73e+08,0,1.43e+09,1120,225,"OK","OK","OK","OK","OK","OK"
"170","Hood-Portland","435","82","spore",877,292000,4060000,4560000,409,521,"OK","OK","OK","OK","OK","OK"
"171","Hood-Portland","435","82-1","spore",654,5250,127000,4140000,603,716,"OK","OK","OK","OK","OK","OK"
"172","Hood-Portland","435","82-2","spore",16900,29200000,7.99e+08,1.83e+08,13900,552,"OK","OK","OK","OK","OK","OK"
"173","Hood-Portland","435","83","spore",256,266,1510,4e+05,246,348,"OK","OK","OK",">","OK","OK"
"174","Hood-Portland","435","83-1","spore",2360,3570000,10000,15700000,133,399,"OK","OK","<","OK","OK","OK"
"175","Hood-Portland","435","83-2","spore",399,225,4e+05,6520,225,358,"OK","OK",">","OK","OK","OK"
"176","Hood-Portland","438","32","spore",92,327,174,22000,31,72,"OK","OK","OK","OK","OK","OK"
"177","Hood-Portland","438","32-1","NotSpoiled",31,133,1650,3690,21,20,"OK","OK","OK","OK","OK","OK"
"178","Hood-Portland","438","32-2","NotSpoiled",21,21,20,910,82,10,"OK","OK","OK","OK","OK","OK"
"179","Hood-Portland","438","33","ppc",50600,5950000,132000,832000,61,72,"OK","OK","OK","OK","OK","OK"
"180","Hood-Portland","438","33-1","spore",31,21,4e+05,939,72,82,"OK","OK",">","OK","OK","OK"
"181","Hood-Portland","438","33-2","ppc",20700000,2.97e+08,5.22e+08,5.73e+08,163000,51,"OK","OK","OK","OK","OK","OK"
"182","Hood-Portland","440","92","spore",10,979,3230,235000,20,10,"OK","OK","OK","OK","OK","OK"
"183","Hood-Portland","440","92-1","ppc",9420000,38100000,1.06e+08,68700000,46000,72,"OK","OK","OK","OK","OK","OK"
"184","Hood-Portland","440","92-2","spore",31,92,2990,32300,41,51,"OK","OK","OK","OK","OK","OK"
"185","Hood-Portland","440","93","NotSpoiled",72,21,327,665,41,102,"OK","OK","OK","OK","OK","OK"
"186","Hood-Portland","440","93-1","ppc",9410000,14400000,1.2e+08,90200000,38200,143,"OK","OK","OK","OK","OK","OK"
"187","Hood-Portland","440","93-2","spore",51,4e+05,395000,1080000,51,20,"OK",">","OK","OK","OK","OK"
"188","Stewart's","435","12","spore",287,961,1010,42700,300,370,"OK","OK","OK","OK","OK","OK"
"189","Stewart's","435","12-1","ppc",2.4e+07,205,1130,705,90800,480,"OK","OK","OK","OK","OK","OK"
"190","Stewart's","435","13","NotSpoiled",215,450,266,1430,280,400,"OK","OK","OK","OK","OK","OK"
"191","Stewart's","435","13-1","ppc",24300000,2.6e+08,4.73e+08,7.29e+08,98200,388,"OK","OK","OK","OK","OK","OK"
"192","Stewart's","435","13-2","spore",440,327,28100,270000,327,419,"OK","OK","OK","OK","OK","OK"
"193","Stewart's","437","82","NotSpoiled",153,112,72,869,164,133,"OK","OK","OK","OK","OK","OK"
"194","Stewart's","437","82-1","spore",236,13800,353000,1390000,133,174,"OK","OK","OK","OK","OK","OK"
"195","Stewart's","437","83","NotSpoiled",184,174,133,317,164,184,"OK","OK","OK","OK","OK","OK"
"196","Stewart's","437","83-1","NotSpoiled",164,82,194,123,225,266,"OK","OK","OK","OK","OK","OK"
"197","Stewart's","437","83-2","NotSpoiled",194,123,266,245,92,143,"OK","OK","OK","OK","OK","OK"
"198","Stewart's","440","12","spore",123,889,348,273000,112,70,"OK","OK","OK","OK","OK","OK"
"199","Stewart's","440","12-1","NotSpoiled",102,61,1030,18400,31,51,"OK","OK","OK","OK","OK","OK"
"200","Stewart's","440","13","NotSpoiled",51,113,3630,3120,41,90,"OK","OK","OK","OK","OK","OK"
"201","Stewart's","440","13-1","NotSpoiled",51,82,736,184,31,31,"OK","OK","OK","OK","OK","OK"
"202","Stewart's","440","13-2","spore",41,82,40100,840000,61,51,"OK","OK","OK","OK","OK","OK"
"203","Stewart's","442","82","spore",112,194,4660,599000,41,143,"OK","OK","OK","OK","OK","OK"
"204","Stewart's","442","82-1","NotSpoiled",143,143,72,552,133,154,"OK","OK","OK","OK","OK","OK"
"205","Stewart's","442","83","spore",113,4e+05,82,16200,92,92,"OK",">","OK","OK","OK","OK"
"206","Stewart's","442","83-1","NotSpoiled",61,31,133,1170,82,102,"OK","OK","OK","OK","OK","OK"
"207","Upstate Buffalo","434","31","ppc",78700,1.38e+08,1.53e+09,5210000,113,31,"OK","OK","OK","OK","OK","OK"
"208","Upstate Buffalo","434","32","ppc",47600000,99300000,1.34e+09,2.79e+10,29700,31,"OK","OK","OK","OK","OK","OK"
"209","Upstate Buffalo","434","32-1","spore",112,205,2830,51700,450,399,"OK","OK","OK","OK","OK","OK"
"210","Upstate Buffalo","434","32-2","ppc",1e+06,17600000,10200,52100,1480,726,"OK","OK","OK","OK","OK","OK"
"211","Upstate Buffalo","434","33","ppc",64800000,1960000,245000,1.77e+09,13500,41,"OK","OK","OK","OK","OK","OK"
"212","Upstate Buffalo","434","33-1","ppc",12700000,30300000,39600000,1.76e+08,20900,61,"OK","OK","OK","OK","OK","OK"
"213","Upstate Buffalo","434","34","ppc",20300000,2.05e+08,3.88e+08,2.3e+10,113,31,"OK","OK","OK","OK","OK","OK"
"214","Upstate Buffalo","436","72","spore",419,994,22300,1260000,614,777,"OK","OK","OK","OK","OK","OK"
"215","Upstate Buffalo","436","72-1","spore",726,705,5400,128000,675,705,"OK","OK","OK","OK","OK","OK"
"216","Upstate Buffalo","436","72-2","spore",583,777,11300,1240000,868,828,"OK","OK","OK","OK","OK","OK"
"217","Upstate Buffalo","436","73","spore",878,47000,1340000,11900000,1140,960,"OK","OK","OK","OK","OK","OK"
"218","Upstate Buffalo","436","73-1","spore",705,1400,23900,2360000,857,900,"OK","OK","OK","OK","OK","OK"
"219","Upstate Buffalo","436","73-2","spore",685,1050,17900,176000,869,940,"OK","OK","OK","OK","OK","OK"
"220","Upstate Buffalo","439","32","spore",1660,319000,4e+08,1.67e+08,1860,1350,"OK","OK",">","OK","OK","OK"
"221","Upstate Buffalo","439","32-1","spore",1890,1070,10100,398000,1510,3710,"OK","OK","OK","OK","OK","OK"
"222","Upstate Buffalo","439","32-2","spore",2150,1470,1800,62600,1700,3220,"OK","OK","OK","OK","OK","OK"
"223","Upstate Buffalo","439","33","spore",1370,1630,3.7e+08,1840000,1640,1520,"OK","OK","OK","OK","OK","OK"
"224","Upstate Buffalo","439","33-1","ppc",3e+07,1000,2440,2.27e+08,189000,2240,"OK","<","OK","OK","OK","OK"
"225","Upstate Buffalo","439","33-2","ppc",32800000,3e+07,2.52e+08,3.32e+08,126000,2620,"OK","OK","OK","OK","OK","OK"
"226","Upstate Buffalo","441","92","spore",1500,1660,2280,41700,1720,5900,"OK","OK","OK","OK","OK","OK"
"227","Upstate Buffalo","441","92-1","spore",1800,2380,3130,20900,2230,2440,"OK","OK","OK","OK","OK","OK"
"228","Upstate Buffalo","441","92-2","spore",7750,39300,480000,5640000,2470,2610,"OK","OK","OK","OK","OK","OK"
"229","Upstate Buffalo","441","93","spore",10,72,511,4e+05,92,51,"OK","OK","OK",">","OK","OK"
"230","Upstate Buffalo","441","93-1","spore",41,92,1370,4e+05,10,20,"OK","OK","OK",">","<","OK"
"231","Upstate Buffalo","441","93-2","ppc",42800000,1.09e+08,4.07e+08,4.69e+08,89300,10,"OK","OK","OK","OK","OK","OK"
"232","Upstate Buffalo","458","31","spore",11,63,1200,4e+05,60,20,"OK","OK","OK",">","OK","OK"
"233","Upstate Buffalo","458","32","spore",120,190000,14000,3700000,10,20,"OK","OK","OK","OK","OK","OK"
"234","Upstate Buffalo","458","33","NotSpoiled",120,90,810,3200,20,60,"OK","OK","OK","OK","OK","OK"
"235","Upstate Buffalo","458","34","spore",150,4e+05,5500,4.5e+07,100,80,"OK",">","OK","OK","OK","OK"
"236","Upstate Buffalo","458","34-1","ppc",3e+06,8.7e+07,1.9e+08,2.1e+09,58000,100,"OK","OK","OK","OK","OK","OK"
"237","Upstate Buffalo","Aim2","Prelim","NotSpoiled",10,929,419,1310,20,0,"OK","OK","OK","OK","OK","OK"
"238","Upstate Buffalo","Aim2","Prelim","spore",0,347,106150,1420,0,0,"OK","OK","OK","OK","OK","OK"
"239","Upstate Buffalo","Aim2","Prelim","NotSpoiled",10,532,552,1020,0,0,"OK","OK","OK","OK","OK","OK"
"240","Upstate Buffalo","Aim2","Prelim","NotSpoiled",31,143,674,337,0,0,"OK","OK","OK","OK","OK","OK"
"241","Upstate Buffalo","Aim2","Prelim","NotSpoiled",0,644,1020,910,10,0,"OK","OK","OK","OK","OK","OK"
"242","Upstate Buffalo","Aim2","Prelim","NotSpoiled",72,440,1165,1330,0,0,"OK","OK","OK","OK","OK","OK"
"243","Upstate Buffalo","Aim2","Prelim","spore",3210,17700000,214500,5005000,62,0,"OK","OK","OK","OK","OK","OK"
"244","Upstate Buffalo","Aim2","Prelim","ppc",8270000,2025000,3.86e+08,NA,7760,0,"OK","OK","OK","OK","OK","OK"
"245","Upstate Rochester","434","21","ppc",16300000,2700000,287000,14600000,3590,2110,"OK","OK","OK","OK","OK","OK"
"246","Upstate Rochester","434","22","ppc",2.03e+08,1.71e+09,1.63e+10,4.54e+09,4e+05,72,"OK","OK","OK","OK",">","OK"
"247","Upstate Rochester","434","22-1","ppc",28900000,4.35e+08,2.11e+08,3.57e+08,1360000,1270,"OK","OK","OK","OK","OK","OK"
"248","Upstate Rochester","434","22-2","spore",92,113,174,90500,256,297,"OK","OK","OK","OK","OK","OK"
"249","Upstate Rochester","434","23","ppc",225000,1.22e+08,1.05e+09,2.12e+08,256,31,"OK","OK","OK","OK","OK","OK"
"250","Upstate Rochester","434","23-1","NotSpoiled",82,286,2400,481,121,327,"OK","OK","OK","OK","OK","OK"
"251","Upstate Rochester","434","23-2","ppc",31800,2350000,2130000,5.93e+08,112,154,"OK","OK","OK","OK","OK","OK"
"252","Upstate Rochester","434","24","ppc",NA,5.83e+08,1.01e+11,1.63e+11,4e+05,532,"OK","OK","OK","OK",">","OK"
"253","Upstate Rochester","436","82","NotSpoiled",143,1760,399,92,51,61,"OK","OK","OK","OK","OK","OK"
"254","Upstate Rochester","436","82-1","NotSpoiled",41,72,112,20,51,20,"OK","OK","OK","OK","OK","OK"
"255","Upstate Rochester","436","82-2","NotSpoiled",41,2620,4620,15500,10,31,"OK","OK","OK","OK","OK","OK"
"256","Upstate Rochester","436","83","spore",2430,4610,33700,8840,163,133,"OK","OK","OK","OK","OK","OK"
"257","Upstate Rochester","436","83-1","spore",102,112,112000,4180000,113,174,"OK","OK","OK","OK","OK","OK"
"258","Upstate Rochester","436","83-2","spore",92,235,2870000,2.91e+08,123,123,"OK","OK","OK","OK","OK","OK"
"259","Upstate Rochester","439","22","spore",82,890,37300,202000,72,61,"OK","OK","OK","OK","OK","OK"
"260","Upstate Rochester","439","22-1","spore",31,286,898,68600,62,10,"OK","OK","OK","OK","OK","OK"
"261","Upstate Rochester","439","22-2","spore",164,409,4e+05,2500000,92,123,"OK","OK",">","OK","OK","OK"
"262","Upstate Rochester","439","23","NotSpoiled",20,20,10200,31,41,10,"OK","OK","OK","OK","OK","OK"
"263","Upstate Rochester","439","23-1","NotSpoiled",21,10,51,3200,21,20,"OK","<","OK","OK","OK","OK"
"264","Upstate Rochester","439","23-2","ppc",1400000,51700000,2.17e+08,2.57e+08,368,21,"OK","OK","OK","OK","OK","OK"
"265","Upstate Rochester","441","82","spore",266,79000,2530000,9910000,20,10,"OK","OK","OK","OK","OK","OK"
"266","Upstate Rochester","441","82-1","spore",31,41,4e+05,592000,31,10,"OK","OK",">","OK","OK","<"
"267","Upstate Rochester","441","82-2","spore",18400,13900000,2.71e+08,6.34e+08,133,10,"OK","OK","OK","OK","OK","OK"
"268","Upstate Rochester","441","83","spore",61,4750,39000,1260000,21,31,"OK","OK","OK","OK","OK","OK"
"269","Upstate Rochester","441","83-1","NotSpoiled",72,41,72,572,51,51,"OK","OK","OK","OK","OK","OK"
"270","Upstate Rochester","441","83-2","ppc",24300000,1.07e+08,6.07e+08,8.59e+08,26500,41,"OK","OK","OK","OK","OK","OK"
"271","Upstate Rochester","458","21","spore",95,7700,150000,4600000,40,110,"OK","OK","OK","OK","OK","OK"
"272","Upstate Rochester","458","22","spore",200,14000,98000,93000,90,80,"OK","OK","OK","OK","OK","OK"
"273","Upstate Rochester","458","22-1","spore",11000,2900000,2.1e+07,1.6e+07,660,130,"OK","OK","OK","OK","OK","OK"
"274","Upstate Rochester","458","23","spore",180,47000,11000,4000,70,90,"OK","OK","OK","OK","OK","OK"
"275","Upstate Rochester","458","23-1","NotSpoiled",170,190,500,1400,200,200,"OK","OK","OK","OK","OK","OK"
"276","Upstate Rochester","458","23-2","spore",1100,240,1900,4e+05,110,120,"OK","OK","OK",">","OK","OK"
"277","Upstate Rochester","458","24","spore",200,2800,110000,490000,140,10,"OK","OK","OK","OK","OK","OK"
"278","Upstate Rochester","Aim2","Prelim","spore",552,3935000,6895000,NA,41,10,"OK","OK","OK","OK","OK","OK"
"279","Upstate Rochester","Aim2","Prelim","NotSpoiled",20,276,3105,15200,41,51,"OK","OK","OK","OK","OK","OK"
"280","Upstate Rochester","Aim2","Prelim","spore",41,61,818,77950,20,0,"OK","OK","OK","OK","OK","OK"
"281","Upstate Rochester","Aim2","Prelim","NotSpoiled",41,1440,889,8650,0,20,"OK","OK","OK","OK","OK","OK"
"282","Upstate Rochester","Aim2","Prelim","spore",0,45700,224,16600,10,0,"OK","OK","OK","OK","OK","OK"
"283","Upstate Rochester","Aim2","Prelim","spore",1086,28450,4e+05,1810000,184,112,"OK","OK","OK","OK","OK","OK"
