"","spoilage_type","scenario","day","mean","sd"
"1","NotSpoiled","MB_MeanSpoilType_CT","1",0,0
"2","NotSpoiled","MB_MeanSpoilType_CT","2",0,0
"3","NotSpoiled","MB_MeanSpoilType_CT","3",0,0
"4","NotSpoiled","MB_MeanSpoilType_CT","4",0,0
"5","NotSpoiled","MB_MeanSpoilType_CT","5",0,0
"6","NotSpoiled","MB_MeanSpoilType_CT","6",0,0
"7","NotSpoiled","MB_MeanSpoilType_CT","7",0,0
"8","NotSpoiled","MB_MeanSpoilType_CT","8",0,0
"9","NotSpoiled","MB_MeanSpoilType_CT","9",0,0
"10","NotSpoiled","MB_MeanSpoilType_CT","10",0,0
"11","NotSpoiled","MB_MeanSpoilType_CT","11",0,0
"12","NotSpoiled","MB_MeanSpoilType_CT","12",0,0
"13","NotSpoiled","MB_MeanSpoilType_CT","13",0,0
"14","NotSpoiled","MB_MeanSpoilType_CT","14",0,0
"15","NotSpoiled","MB_MeanSpoilType_CT","15",0,0
"16","NotSpoiled","MB_MeanSpoilType_CT","16",0,0
"17","NotSpoiled","MB_MeanSpoilType_CT","17",0,0
"18","NotSpoiled","MB_MeanSpoilType_CT","18",0,0
"19","NotSpoiled","MB_MeanSpoilType_CT","19",0,0
"20","NotSpoiled","MB_MeanSpoilType_CT","20",0,0
"21","NotSpoiled","MB_MeanSpoilType_CT","21",0,0
"22","NotSpoiled","MB_MeanSpoilType_CT","22",0,0
"23","NotSpoiled","MB_MeanSpoilType_CT","23",0,0
"24","NotSpoiled","MB_MeanSpoilType_CT","24",0,0
"25","NotSpoiled","MB_MeanSpoilType_CT","25",0,0
"26","NotSpoiled","MB_MeanSpoilType_CT","26",0,0
"27","NotSpoiled","MB_MeanSpoilType_CT","27",0,0
"28","NotSpoiled","MB_MeanSpoilType_CT","28",0,0
"29","NotSpoiled","MB_MeanSpoilType_CT","29",0,0
"30","NotSpoiled","MB_MeanSpoilType_CT","30",0,0
"31","NotSpoiled","MB_MeanSpoilType_CT","31",0,0
"32","NotSpoiled","MB_MeanSpoilType_CT","32",0,0
"33","NotSpoiled","MB_MeanSpoilType_CT","33",0,0
"34","NotSpoiled","MB_MeanSpoilType_CT","34",0,0
"35","NotSpoiled","MB_MeanSpoilType_CT","35",0,0
"36","NotSpoiled","MB_MeanSpoilType_LT","1",0,0
"37","NotSpoiled","MB_MeanSpoilType_LT","2",0,0
"38","NotSpoiled","MB_MeanSpoilType_LT","3",0,0
"39","NotSpoiled","MB_MeanSpoilType_LT","4",0,0
"40","NotSpoiled","MB_MeanSpoilType_LT","5",0,0
"41","NotSpoiled","MB_MeanSpoilType_LT","6",0,0
"42","NotSpoiled","MB_MeanSpoilType_LT","7",0,0
"43","NotSpoiled","MB_MeanSpoilType_LT","8",0,0
"44","NotSpoiled","MB_MeanSpoilType_LT","9",0,0
"45","NotSpoiled","MB_MeanSpoilType_LT","10",0,0
"46","NotSpoiled","MB_MeanSpoilType_LT","11",0,0
"47","NotSpoiled","MB_MeanSpoilType_LT","12",0,0
"48","NotSpoiled","MB_MeanSpoilType_LT","13",0,0
"49","NotSpoiled","MB_MeanSpoilType_LT","14",0,0
"50","NotSpoiled","MB_MeanSpoilType_LT","15",0,0
"51","NotSpoiled","MB_MeanSpoilType_LT","16",0,0
"52","NotSpoiled","MB_MeanSpoilType_LT","17",0,0
"53","NotSpoiled","MB_MeanSpoilType_LT","18",0,0
"54","NotSpoiled","MB_MeanSpoilType_LT","19",0,0
"55","NotSpoiled","MB_MeanSpoilType_LT","20",0,0
"56","NotSpoiled","MB_MeanSpoilType_LT","21",0,0
"57","NotSpoiled","MB_MeanSpoilType_LT","22",0,0
"58","NotSpoiled","MB_MeanSpoilType_LT","23",0,0
"59","NotSpoiled","MB_MeanSpoilType_LT","24",0,0
"60","NotSpoiled","MB_MeanSpoilType_LT","25",0,0
"61","NotSpoiled","MB_MeanSpoilType_LT","26",0,0
"62","NotSpoiled","MB_MeanSpoilType_LT","27",0,0
"63","NotSpoiled","MB_MeanSpoilType_LT","28",0,0
"64","NotSpoiled","MB_MeanSpoilType_LT","29",0,0
"65","NotSpoiled","MB_MeanSpoilType_LT","30",0,0
"66","NotSpoiled","MB_MeanSpoilType_LT","31",0,0
"67","NotSpoiled","MB_MeanSpoilType_LT","32",0,0
"68","NotSpoiled","MB_MeanSpoilType_LT","33",0,0
"69","NotSpoiled","MB_MeanSpoilType_LT","34",0,0
"70","NotSpoiled","MB_MeanSpoilType_LT","35",0,0
"71","NotSpoiled","NB_MeanSpoilType_CT","1",0,0
"72","NotSpoiled","NB_MeanSpoilType_CT","2",0,0
"73","NotSpoiled","NB_MeanSpoilType_CT","3",0,0
"74","NotSpoiled","NB_MeanSpoilType_CT","4",0,0
"75","NotSpoiled","NB_MeanSpoilType_CT","5",0,0
"76","NotSpoiled","NB_MeanSpoilType_CT","6",0,0
"77","NotSpoiled","NB_MeanSpoilType_CT","7",0,0
"78","NotSpoiled","NB_MeanSpoilType_CT","8",0,0
"79","NotSpoiled","NB_MeanSpoilType_CT","9",0,0
"80","NotSpoiled","NB_MeanSpoilType_CT","10",0,0
"81","NotSpoiled","NB_MeanSpoilType_CT","11",0,0
"82","NotSpoiled","NB_MeanSpoilType_CT","12",0,0
"83","NotSpoiled","NB_MeanSpoilType_CT","13",0,0
"84","NotSpoiled","NB_MeanSpoilType_CT","14",0,0
"85","NotSpoiled","NB_MeanSpoilType_CT","15",0,0
"86","NotSpoiled","NB_MeanSpoilType_CT","16",0,0
"87","NotSpoiled","NB_MeanSpoilType_CT","17",0,0
"88","NotSpoiled","NB_MeanSpoilType_CT","18",0,0
"89","NotSpoiled","NB_MeanSpoilType_CT","19",0,0
"90","NotSpoiled","NB_MeanSpoilType_CT","20",0,0
"91","NotSpoiled","NB_MeanSpoilType_CT","21",0,0
"92","NotSpoiled","NB_MeanSpoilType_CT","22",0,0
"93","NotSpoiled","NB_MeanSpoilType_CT","23",0,0
"94","NotSpoiled","NB_MeanSpoilType_CT","24",0,0
"95","NotSpoiled","NB_MeanSpoilType_CT","25",0,0
"96","NotSpoiled","NB_MeanSpoilType_CT","26",0,0
"97","NotSpoiled","NB_MeanSpoilType_CT","27",0,0
"98","NotSpoiled","NB_MeanSpoilType_CT","28",0,0
"99","NotSpoiled","NB_MeanSpoilType_CT","29",0,0
"100","NotSpoiled","NB_MeanSpoilType_CT","30",0,0
"101","NotSpoiled","NB_MeanSpoilType_CT","31",0,0
"102","NotSpoiled","NB_MeanSpoilType_CT","32",0,0
"103","NotSpoiled","NB_MeanSpoilType_CT","33",0,0
"104","NotSpoiled","NB_MeanSpoilType_CT","34",0,0
"105","NotSpoiled","NB_MeanSpoilType_CT","35",0,0
"106","NotSpoiled","NB_MeanSpoilType_LT","1",0,0
"107","NotSpoiled","NB_MeanSpoilType_LT","2",0,0
"108","NotSpoiled","NB_MeanSpoilType_LT","3",0,0
"109","NotSpoiled","NB_MeanSpoilType_LT","4",0,0
"110","NotSpoiled","NB_MeanSpoilType_LT","5",0,0
"111","NotSpoiled","NB_MeanSpoilType_LT","6",0,0
"112","NotSpoiled","NB_MeanSpoilType_LT","7",0,0
"113","NotSpoiled","NB_MeanSpoilType_LT","8",0,0
"114","NotSpoiled","NB_MeanSpoilType_LT","9",0,0
"115","NotSpoiled","NB_MeanSpoilType_LT","10",0,0
"116","NotSpoiled","NB_MeanSpoilType_LT","11",0,0
"117","NotSpoiled","NB_MeanSpoilType_LT","12",0,0
"118","NotSpoiled","NB_MeanSpoilType_LT","13",0,0
"119","NotSpoiled","NB_MeanSpoilType_LT","14",0,0
"120","NotSpoiled","NB_MeanSpoilType_LT","15",0,0
"121","NotSpoiled","NB_MeanSpoilType_LT","16",0,0
"122","NotSpoiled","NB_MeanSpoilType_LT","17",0,0
"123","NotSpoiled","NB_MeanSpoilType_LT","18",0,0
"124","NotSpoiled","NB_MeanSpoilType_LT","19",0,0
"125","NotSpoiled","NB_MeanSpoilType_LT","20",0,0
"126","NotSpoiled","NB_MeanSpoilType_LT","21",0,0
"127","NotSpoiled","NB_MeanSpoilType_LT","22",0,0
"128","NotSpoiled","NB_MeanSpoilType_LT","23",0,0
"129","NotSpoiled","NB_MeanSpoilType_LT","24",0,0
"130","NotSpoiled","NB_MeanSpoilType_LT","25",0,0
"131","NotSpoiled","NB_MeanSpoilType_LT","26",0,0
"132","NotSpoiled","NB_MeanSpoilType_LT","27",0,0
"133","NotSpoiled","NB_MeanSpoilType_LT","28",0,0
"134","NotSpoiled","NB_MeanSpoilType_LT","29",0,0
"135","NotSpoiled","NB_MeanSpoilType_LT","30",0,0
"136","NotSpoiled","NB_MeanSpoilType_LT","31",0,0
"137","NotSpoiled","NB_MeanSpoilType_LT","32",0,0
"138","NotSpoiled","NB_MeanSpoilType_LT","33",0,0
"139","NotSpoiled","NB_MeanSpoilType_LT","34",0,0
"140","NotSpoiled","NB_MeanSpoilType_LT","35",0,0
"141","NotSpoiled","TB_MeanSpoilType_CT","1",0,0
"142","NotSpoiled","TB_MeanSpoilType_CT","2",0,0
"143","NotSpoiled","TB_MeanSpoilType_CT","3",0,0
"144","NotSpoiled","TB_MeanSpoilType_CT","4",0,0
"145","NotSpoiled","TB_MeanSpoilType_CT","5",0,0
"146","NotSpoiled","TB_MeanSpoilType_CT","6",0,0
"147","NotSpoiled","TB_MeanSpoilType_CT","7",0,0
"148","NotSpoiled","TB_MeanSpoilType_CT","8",0,0
"149","NotSpoiled","TB_MeanSpoilType_CT","9",0,0
"150","NotSpoiled","TB_MeanSpoilType_CT","10",0,0
"151","NotSpoiled","TB_MeanSpoilType_CT","11",0,0
"152","NotSpoiled","TB_MeanSpoilType_CT","12",0,0
"153","NotSpoiled","TB_MeanSpoilType_CT","13",0,0
"154","NotSpoiled","TB_MeanSpoilType_CT","14",0,0
"155","NotSpoiled","TB_MeanSpoilType_CT","15",0,0
"156","NotSpoiled","TB_MeanSpoilType_CT","16",0,0
"157","NotSpoiled","TB_MeanSpoilType_CT","17",0,0
"158","NotSpoiled","TB_MeanSpoilType_CT","18",0,0
"159","NotSpoiled","TB_MeanSpoilType_CT","19",0,0
"160","NotSpoiled","TB_MeanSpoilType_CT","20",0,0
"161","NotSpoiled","TB_MeanSpoilType_CT","21",0,0
"162","NotSpoiled","TB_MeanSpoilType_CT","22",0,0
"163","NotSpoiled","TB_MeanSpoilType_CT","23",0,0
"164","NotSpoiled","TB_MeanSpoilType_CT","24",0,0
"165","NotSpoiled","TB_MeanSpoilType_CT","25",0,0
"166","NotSpoiled","TB_MeanSpoilType_CT","26",0,0
"167","NotSpoiled","TB_MeanSpoilType_CT","27",0,0
"168","NotSpoiled","TB_MeanSpoilType_CT","28",0,0
"169","NotSpoiled","TB_MeanSpoilType_CT","29",0,0
"170","NotSpoiled","TB_MeanSpoilType_CT","30",0,0
"171","NotSpoiled","TB_MeanSpoilType_CT","31",0,0
"172","NotSpoiled","TB_MeanSpoilType_CT","32",0,0
"173","NotSpoiled","TB_MeanSpoilType_CT","33",0,0
"174","NotSpoiled","TB_MeanSpoilType_CT","34",0,0
"175","NotSpoiled","TB_MeanSpoilType_CT","35",0,0
"176","NotSpoiled","TB_MeanSpoilType_LT","1",0,0
"177","NotSpoiled","TB_MeanSpoilType_LT","2",0,0
"178","NotSpoiled","TB_MeanSpoilType_LT","3",0,0
"179","NotSpoiled","TB_MeanSpoilType_LT","4",0,0
"180","NotSpoiled","TB_MeanSpoilType_LT","5",0,0
"181","NotSpoiled","TB_MeanSpoilType_LT","6",0,0
"182","NotSpoiled","TB_MeanSpoilType_LT","7",0,0
"183","NotSpoiled","TB_MeanSpoilType_LT","8",0,0
"184","NotSpoiled","TB_MeanSpoilType_LT","9",0,0
"185","NotSpoiled","TB_MeanSpoilType_LT","10",0,0
"186","NotSpoiled","TB_MeanSpoilType_LT","11",0,0
"187","NotSpoiled","TB_MeanSpoilType_LT","12",0,0
"188","NotSpoiled","TB_MeanSpoilType_LT","13",0,0
"189","NotSpoiled","TB_MeanSpoilType_LT","14",0,0
"190","NotSpoiled","TB_MeanSpoilType_LT","15",0,0
"191","NotSpoiled","TB_MeanSpoilType_LT","16",0,0
"192","NotSpoiled","TB_MeanSpoilType_LT","17",0,0
"193","NotSpoiled","TB_MeanSpoilType_LT","18",0,0
"194","NotSpoiled","TB_MeanSpoilType_LT","19",0,0
"195","NotSpoiled","TB_MeanSpoilType_LT","20",0,0
"196","NotSpoiled","TB_MeanSpoilType_LT","21",0,0
"197","NotSpoiled","TB_MeanSpoilType_LT","22",0,0
"198","NotSpoiled","TB_MeanSpoilType_LT","23",0,0
"199","NotSpoiled","TB_MeanSpoilType_LT","24",0,0
"200","NotSpoiled","TB_MeanSpoilType_LT","25",0,0
"201","NotSpoiled","TB_MeanSpoilType_LT","26",0,0
"202","NotSpoiled","TB_MeanSpoilType_LT","27",0,0
"203","NotSpoiled","TB_MeanSpoilType_LT","28",0,0
"204","NotSpoiled","TB_MeanSpoilType_LT","29",0,0
"205","NotSpoiled","TB_MeanSpoilType_LT","30",0,0
"206","NotSpoiled","TB_MeanSpoilType_LT","31",0,0
"207","NotSpoiled","TB_MeanSpoilType_LT","32",0,0
"208","NotSpoiled","TB_MeanSpoilType_LT","33",0,0
"209","NotSpoiled","TB_MeanSpoilType_LT","34",0,0
"210","NotSpoiled","TB_MeanSpoilType_LT","35",0,0
"211","ppc","MB_MeanSpoilType_CT","1",-0.765736555469529,0.979387390791334
"212","ppc","MB_MeanSpoilType_CT","2",0.510904211470933,1.35617832809833
"213","ppc","MB_MeanSpoilType_CT","3",3.00983075809095,1.55050398527345
"214","ppc","MB_MeanSpoilType_CT","4",5.17446014152108,2.39386775059973
"215","ppc","MB_MeanSpoilType_CT","5",5.96303776323247,2.01441239155707
"216","ppc","MB_MeanSpoilType_CT","6",6.59761738237584,1.57707624888196
"217","ppc","MB_MeanSpoilType_CT","7",7.14925325098059,1.18795439058105
"218","ppc","MB_MeanSpoilType_CT","8",7.54625558426059,0.829364965707948
"219","ppc","MB_MeanSpoilType_CT","9",7.78719557029777,0.526890540354803
"220","ppc","MB_MeanSpoilType_CT","10",7.92364037550077,0.351347873993113
"221","ppc","MB_MeanSpoilType_CT","11",7.97464512714574,0.311358219195872
"222","ppc","MB_MeanSpoilType_CT","12",7.98931437684799,0.327733228421348
"223","ppc","MB_MeanSpoilType_CT","13",7.99089275910861,0.33222153457051
"224","ppc","MB_MeanSpoilType_CT","14",7.99089275910861,0.33222153457051
"225","ppc","MB_MeanSpoilType_CT","15",7.99089275910861,0.33222153457051
"226","ppc","MB_MeanSpoilType_CT","16",7.99089275910861,0.33222153457051
"227","ppc","MB_MeanSpoilType_CT","17",7.99089275910861,0.33222153457051
"228","ppc","MB_MeanSpoilType_CT","18",7.99089275910861,0.33222153457051
"229","ppc","MB_MeanSpoilType_CT","19",7.99089275910861,0.33222153457051
"230","ppc","MB_MeanSpoilType_CT","20",7.99089275910861,0.33222153457051
"231","ppc","MB_MeanSpoilType_CT","21",7.99089275910861,0.33222153457051
"232","ppc","MB_MeanSpoilType_CT","22",7.99089275910861,0.33222153457051
"233","ppc","MB_MeanSpoilType_CT","23",7.99089275910861,0.33222153457051
"234","ppc","MB_MeanSpoilType_CT","24",7.99089275910861,0.33222153457051
"235","ppc","MB_MeanSpoilType_CT","25",7.99089275910861,0.33222153457051
"236","ppc","MB_MeanSpoilType_CT","26",7.99089275910861,0.33222153457051
"237","ppc","MB_MeanSpoilType_CT","27",7.99089275910861,0.33222153457051
"238","ppc","MB_MeanSpoilType_CT","28",7.99089275910861,0.33222153457051
"239","ppc","MB_MeanSpoilType_CT","29",7.99089275910861,0.33222153457051
"240","ppc","MB_MeanSpoilType_CT","30",7.99089275910861,0.33222153457051
"241","ppc","MB_MeanSpoilType_CT","31",7.99089275910861,0.33222153457051
"242","ppc","MB_MeanSpoilType_CT","32",7.99089275910861,0.33222153457051
"243","ppc","MB_MeanSpoilType_CT","33",7.99089275910861,0.33222153457051
"244","ppc","MB_MeanSpoilType_CT","34",7.99089275910861,0.33222153457051
"245","ppc","MB_MeanSpoilType_CT","35",7.99089275910861,0.33222153457051
"246","ppc","MB_MeanSpoilType_LT","1",-1.0717581260032,1.00381325302604
"247","ppc","MB_MeanSpoilType_LT","2",-0.394395838098549,1.69300316812111
"248","ppc","MB_MeanSpoilType_LT","3",0.470143022001574,2.28668919862765
"249","ppc","MB_MeanSpoilType_LT","4",1.43368161669219,2.79725958253356
"250","ppc","MB_MeanSpoilType_LT","5",2.34610374700008,3.10779197616577
"251","ppc","MB_MeanSpoilType_LT","6",3.14226962173465,3.25647585711582
"252","ppc","MB_MeanSpoilType_LT","7",3.76046392438615,3.251937430101
"253","ppc","MB_MeanSpoilType_LT","8",4.27381550615068,3.21150738939262
"254","ppc","MB_MeanSpoilType_LT","9",4.71801225928074,3.17073595790561
"255","ppc","MB_MeanSpoilType_LT","10",5.08135316673611,3.12134505586024
"256","ppc","MB_MeanSpoilType_LT","11",5.38311983662943,3.05149245867739
"257","ppc","MB_MeanSpoilType_LT","12",5.64439101451944,2.97977676885827
"258","ppc","MB_MeanSpoilType_LT","13",5.87228561050263,2.90720526590827
"259","ppc","MB_MeanSpoilType_LT","14",6.07902694629142,2.84455237465519
"260","ppc","MB_MeanSpoilType_LT","15",6.25305399004004,2.78345616143547
"261","ppc","MB_MeanSpoilType_LT","16",6.39572734824116,2.7209996545902
"262","ppc","MB_MeanSpoilType_LT","17",6.51970368827626,2.65779921027933
"263","ppc","MB_MeanSpoilType_LT","18",6.63328763703777,2.60335580973743
"264","ppc","MB_MeanSpoilType_LT","19",6.72872570089468,2.54777033681991
"265","ppc","MB_MeanSpoilType_LT","20",6.81098285153377,2.49646693774629
"266","ppc","MB_MeanSpoilType_LT","21",6.88422572132558,2.45089390336659
"267","ppc","MB_MeanSpoilType_LT","22",6.94477277709042,2.40778487101384
"268","ppc","MB_MeanSpoilType_LT","23",7.00381418503071,2.36575339284733
"269","ppc","MB_MeanSpoilType_LT","24",7.05862757435336,2.32630334348639
"270","ppc","MB_MeanSpoilType_LT","25",7.10897189465749,2.29070754822088
"271","ppc","MB_MeanSpoilType_LT","26",7.15430700197207,2.25510036686426
"272","ppc","MB_MeanSpoilType_LT","27",7.19050790575428,2.22127500571187
"273","ppc","MB_MeanSpoilType_LT","28",7.22142618054185,2.18826571933395
"274","ppc","MB_MeanSpoilType_LT","29",7.24964923492791,2.15764599405711
"275","ppc","MB_MeanSpoilType_LT","30",7.27594943732041,2.12956207256374
"276","ppc","MB_MeanSpoilType_LT","31",7.30115839262993,2.10426078180683
"277","ppc","MB_MeanSpoilType_LT","32",7.3249416111237,2.08157870236496
"278","ppc","MB_MeanSpoilType_LT","33",7.34575395172388,2.06008053946116
"279","ppc","MB_MeanSpoilType_LT","34",7.36565384829932,2.04033246850582
"280","ppc","MB_MeanSpoilType_LT","35",7.38236393338686,2.02162256627433
"281","ppc","MB_WorstPPCVSL434_CT","1",-0.826604728814865,0.89721231373096
"282","ppc","MB_WorstPPCVSL434_CT","2",0.492445741726062,1.24967215734673
"283","ppc","MB_WorstPPCVSL434_CT","3",2.82474398238017,1.63637776869673
"284","ppc","MB_WorstPPCVSL434_CT","4",4.83491904620217,2.45514055298901
"285","ppc","MB_WorstPPCVSL434_CT","5",5.68035510103389,2.10680706525365
"286","ppc","MB_WorstPPCVSL434_CT","6",6.36380968488948,1.6680000927887
"287","ppc","MB_WorstPPCVSL434_CT","7",6.98608920028924,1.2794109711586
"288","ppc","MB_WorstPPCVSL434_CT","8",7.45101959250526,0.9029304366858
"289","ppc","MB_WorstPPCVSL434_CT","9",7.75103169207149,0.569025457265773
"290","ppc","MB_WorstPPCVSL434_CT","10",7.92623028099792,0.365430367939932
"291","ppc","MB_WorstPPCVSL434_CT","11",7.99918957557882,0.342329851144568
"292","ppc","MB_WorstPPCVSL434_CT","12",8.01849076571839,0.364758093068489
"293","ppc","MB_WorstPPCVSL434_CT","13",8.02178093029302,0.371336858444842
"294","ppc","MB_WorstPPCVSL434_CT","14",8.02178093029302,0.371336858444842
"295","ppc","MB_WorstPPCVSL434_CT","15",8.02178093029302,0.371336858444842
"296","ppc","MB_WorstPPCVSL434_CT","16",8.02178093029302,0.371336858444842
"297","ppc","MB_WorstPPCVSL434_CT","17",8.02178093029302,0.371336858444842
"298","ppc","MB_WorstPPCVSL434_CT","18",8.02178093029302,0.371336858444842
"299","ppc","MB_WorstPPCVSL434_CT","19",8.02178093029302,0.371336858444842
"300","ppc","MB_WorstPPCVSL434_CT","20",8.02178093029302,0.371336858444842
"301","ppc","MB_WorstPPCVSL434_CT","21",8.02178093029302,0.371336858444842
"302","ppc","MB_WorstPPCVSL434_CT","22",8.02178093029302,0.371336858444842
"303","ppc","MB_WorstPPCVSL434_CT","23",8.02178093029302,0.371336858444842
"304","ppc","MB_WorstPPCVSL434_CT","24",8.02178093029302,0.371336858444842
"305","ppc","MB_WorstPPCVSL434_CT","25",8.02178093029302,0.371336858444842
"306","ppc","MB_WorstPPCVSL434_CT","26",8.02178093029302,0.371336858444842
"307","ppc","MB_WorstPPCVSL434_CT","27",8.02178093029302,0.371336858444842
"308","ppc","MB_WorstPPCVSL434_CT","28",8.02178093029302,0.371336858444842
"309","ppc","MB_WorstPPCVSL434_CT","29",8.02178093029302,0.371336858444842
"310","ppc","MB_WorstPPCVSL434_CT","30",8.02178093029302,0.371336858444842
"311","ppc","MB_WorstPPCVSL434_CT","31",8.02178093029302,0.371336858444842
"312","ppc","MB_WorstPPCVSL434_CT","32",8.02178093029302,0.371336858444842
"313","ppc","MB_WorstPPCVSL434_CT","33",8.02178093029302,0.371336858444842
"314","ppc","MB_WorstPPCVSL434_CT","34",8.02178093029302,0.371336858444842
"315","ppc","MB_WorstPPCVSL434_CT","35",8.02178093029302,0.371336858444842
"316","ppc","MB_WorstPPCVSL434_LT","1",-1.1443910258711,0.986527125902914
"317","ppc","MB_WorstPPCVSL434_LT","2",-0.46948259456822,1.65843735549651
"318","ppc","MB_WorstPPCVSL434_LT","3",0.368821321127481,2.21475639378953
"319","ppc","MB_WorstPPCVSL434_LT","4",1.28622360640112,2.70873741106854
"320","ppc","MB_WorstPPCVSL434_LT","5",2.14878526825264,3.03614329553456
"321","ppc","MB_WorstPPCVSL434_LT","6",2.88659638931525,3.24190025232059
"322","ppc","MB_WorstPPCVSL434_LT","7",3.48715488472098,3.32860921128391
"323","ppc","MB_WorstPPCVSL434_LT","8",3.99770673939823,3.36348835409547
"324","ppc","MB_WorstPPCVSL434_LT","9",4.42688840928131,3.3584473641941
"325","ppc","MB_WorstPPCVSL434_LT","10",4.78614025073124,3.32691068539619
"326","ppc","MB_WorstPPCVSL434_LT","11",5.09526634920161,3.28121271007304
"327","ppc","MB_WorstPPCVSL434_LT","12",5.36767196592308,3.23219865167215
"328","ppc","MB_WorstPPCVSL434_LT","13",5.60042022722203,3.177514377355
"329","ppc","MB_WorstPPCVSL434_LT","14",5.80502603971281,3.1254901914475
"330","ppc","MB_WorstPPCVSL434_LT","15",5.97953377010778,3.0726538105403
"331","ppc","MB_WorstPPCVSL434_LT","16",6.12926550030497,3.0187327394773
"332","ppc","MB_WorstPPCVSL434_LT","17",6.25897342309025,2.96414215330361
"333","ppc","MB_WorstPPCVSL434_LT","18",6.37283572516034,2.91178262568553
"334","ppc","MB_WorstPPCVSL434_LT","19",6.47715649152237,2.86274443551145
"335","ppc","MB_WorstPPCVSL434_LT","20",6.57065484291219,2.81645195699217
"336","ppc","MB_WorstPPCVSL434_LT","21",6.65258177442071,2.77449493816767
"337","ppc","MB_WorstPPCVSL434_LT","22",6.72440476001671,2.73602230090318
"338","ppc","MB_WorstPPCVSL434_LT","23",6.78826319926833,2.70082488013836
"339","ppc","MB_WorstPPCVSL434_LT","24",6.84530959687432,2.66787626013893
"340","ppc","MB_WorstPPCVSL434_LT","25",6.89587296333782,2.63671111093715
"341","ppc","MB_WorstPPCVSL434_LT","26",6.94333226043351,2.60816586324102
"342","ppc","MB_WorstPPCVSL434_LT","27",6.98389791953146,2.5817895711025
"343","ppc","MB_WorstPPCVSL434_LT","28",7.01911930746014,2.55670306972632
"344","ppc","MB_WorstPPCVSL434_LT","29",7.04980699382241,2.53305084004468
"345","ppc","MB_WorstPPCVSL434_LT","30",7.07583171203943,2.51000888997406
"346","ppc","MB_WorstPPCVSL434_LT","31",7.10011470386329,2.48869717902994
"347","ppc","MB_WorstPPCVSL434_LT","32",7.12189990897699,2.46856215113552
"348","ppc","MB_WorstPPCVSL434_LT","33",7.14129616052507,2.4490561524889
"349","ppc","MB_WorstPPCVSL434_LT","34",7.15954598333597,2.43022978077963
"350","ppc","MB_WorstPPCVSL434_LT","35",7.17528850869325,2.41095065487429
"351","ppc","NB_MeanSpoilType_CT","1",-0.765736555469529,0.979387390791334
"352","ppc","NB_MeanSpoilType_CT","2",0.510904211470933,1.35617832809833
"353","ppc","NB_MeanSpoilType_CT","3",3.00983075809095,1.55050398527345
"354","ppc","NB_MeanSpoilType_CT","4",5.17446014152108,2.39386775059973
"355","ppc","NB_MeanSpoilType_CT","5",5.96303776323247,2.01441239155707
"356","ppc","NB_MeanSpoilType_CT","6",6.59761738237584,1.57707624888196
"357","ppc","NB_MeanSpoilType_CT","7",7.14925325098059,1.18795439058105
"358","ppc","NB_MeanSpoilType_CT","8",7.54625558426059,0.829364965707948
"359","ppc","NB_MeanSpoilType_CT","9",7.78719557029777,0.526890540354803
"360","ppc","NB_MeanSpoilType_CT","10",7.92364037550077,0.351347873993113
"361","ppc","NB_MeanSpoilType_CT","11",7.97464512714574,0.311358219195872
"362","ppc","NB_MeanSpoilType_CT","12",7.98931437684799,0.327733228421348
"363","ppc","NB_MeanSpoilType_CT","13",7.99089275910861,0.33222153457051
"364","ppc","NB_MeanSpoilType_CT","14",7.99089275910861,0.33222153457051
"365","ppc","NB_MeanSpoilType_CT","15",7.99089275910861,0.33222153457051
"366","ppc","NB_MeanSpoilType_CT","16",7.99089275910861,0.33222153457051
"367","ppc","NB_MeanSpoilType_CT","17",7.99089275910861,0.33222153457051
"368","ppc","NB_MeanSpoilType_CT","18",7.99089275910861,0.33222153457051
"369","ppc","NB_MeanSpoilType_CT","19",7.99089275910861,0.33222153457051
"370","ppc","NB_MeanSpoilType_CT","20",7.99089275910861,0.33222153457051
"371","ppc","NB_MeanSpoilType_CT","21",7.99089275910861,0.33222153457051
"372","ppc","NB_MeanSpoilType_CT","22",7.99089275910861,0.33222153457051
"373","ppc","NB_MeanSpoilType_CT","23",7.99089275910861,0.33222153457051
"374","ppc","NB_MeanSpoilType_CT","24",7.99089275910861,0.33222153457051
"375","ppc","NB_MeanSpoilType_CT","25",7.99089275910861,0.33222153457051
"376","ppc","NB_MeanSpoilType_CT","26",7.99089275910861,0.33222153457051
"377","ppc","NB_MeanSpoilType_CT","27",7.99089275910861,0.33222153457051
"378","ppc","NB_MeanSpoilType_CT","28",7.99089275910861,0.33222153457051
"379","ppc","NB_MeanSpoilType_CT","29",7.99089275910861,0.33222153457051
"380","ppc","NB_MeanSpoilType_CT","30",7.99089275910861,0.33222153457051
"381","ppc","NB_MeanSpoilType_CT","31",7.99089275910861,0.33222153457051
"382","ppc","NB_MeanSpoilType_CT","32",7.99089275910861,0.33222153457051
"383","ppc","NB_MeanSpoilType_CT","33",7.99089275910861,0.33222153457051
"384","ppc","NB_MeanSpoilType_CT","34",7.99089275910861,0.33222153457051
"385","ppc","NB_MeanSpoilType_CT","35",7.99089275910861,0.33222153457051
"386","ppc","NB_MeanSpoilType_LT","1",-1.0717581260032,1.00381325302604
"387","ppc","NB_MeanSpoilType_LT","2",-0.394395838098549,1.69300316812111
"388","ppc","NB_MeanSpoilType_LT","3",0.470143022001574,2.28668919862765
"389","ppc","NB_MeanSpoilType_LT","4",1.43368161669219,2.79725958253356
"390","ppc","NB_MeanSpoilType_LT","5",2.34610374700008,3.10779197616577
"391","ppc","NB_MeanSpoilType_LT","6",3.14226962173465,3.25647585711582
"392","ppc","NB_MeanSpoilType_LT","7",3.76046392438615,3.251937430101
"393","ppc","NB_MeanSpoilType_LT","8",4.27381550615068,3.21150738939262
"394","ppc","NB_MeanSpoilType_LT","9",4.71801225928074,3.17073595790561
"395","ppc","NB_MeanSpoilType_LT","10",5.08135316673611,3.12134505586024
"396","ppc","NB_MeanSpoilType_LT","11",5.38311983662943,3.05149245867739
"397","ppc","NB_MeanSpoilType_LT","12",5.64439101451944,2.97977676885827
"398","ppc","NB_MeanSpoilType_LT","13",5.87228561050263,2.90720526590827
"399","ppc","NB_MeanSpoilType_LT","14",6.07902694629142,2.84455237465519
"400","ppc","NB_MeanSpoilType_LT","15",6.25305399004004,2.78345616143547
"401","ppc","NB_MeanSpoilType_LT","16",6.39572734824116,2.7209996545902
"402","ppc","NB_MeanSpoilType_LT","17",6.51970368827626,2.65779921027933
"403","ppc","NB_MeanSpoilType_LT","18",6.63328763703777,2.60335580973743
"404","ppc","NB_MeanSpoilType_LT","19",6.72872570089468,2.54777033681991
"405","ppc","NB_MeanSpoilType_LT","20",6.81098285153377,2.49646693774629
"406","ppc","NB_MeanSpoilType_LT","21",6.88422572132558,2.45089390336659
"407","ppc","NB_MeanSpoilType_LT","22",6.94477277709042,2.40778487101384
"408","ppc","NB_MeanSpoilType_LT","23",7.00381418503071,2.36575339284733
"409","ppc","NB_MeanSpoilType_LT","24",7.05862757435336,2.32630334348639
"410","ppc","NB_MeanSpoilType_LT","25",7.10897189465749,2.29070754822088
"411","ppc","NB_MeanSpoilType_LT","26",7.15430700197207,2.25510036686426
"412","ppc","NB_MeanSpoilType_LT","27",7.19050790575428,2.22127500571187
"413","ppc","NB_MeanSpoilType_LT","28",7.22142618054185,2.18826571933395
"414","ppc","NB_MeanSpoilType_LT","29",7.24964923492791,2.15764599405711
"415","ppc","NB_MeanSpoilType_LT","30",7.27594943732041,2.12956207256374
"416","ppc","NB_MeanSpoilType_LT","31",7.30115839262993,2.10426078180683
"417","ppc","NB_MeanSpoilType_LT","32",7.3249416111237,2.08157870236496
"418","ppc","NB_MeanSpoilType_LT","33",7.34575395172388,2.06008053946116
"419","ppc","NB_MeanSpoilType_LT","34",7.36565384829932,2.04033246850582
"420","ppc","NB_MeanSpoilType_LT","35",7.38236393338686,2.02162256627433
"421","ppc","NB_WorstPPCVSL434_CT","1",-0.826604728814865,0.89721231373096
"422","ppc","NB_WorstPPCVSL434_CT","2",0.492445741726062,1.24967215734673
"423","ppc","NB_WorstPPCVSL434_CT","3",2.82474398238017,1.63637776869673
"424","ppc","NB_WorstPPCVSL434_CT","4",4.83491904620217,2.45514055298901
"425","ppc","NB_WorstPPCVSL434_CT","5",5.68035510103389,2.10680706525365
"426","ppc","NB_WorstPPCVSL434_CT","6",6.36380968488948,1.6680000927887
"427","ppc","NB_WorstPPCVSL434_CT","7",6.98608920028924,1.2794109711586
"428","ppc","NB_WorstPPCVSL434_CT","8",7.45101959250526,0.9029304366858
"429","ppc","NB_WorstPPCVSL434_CT","9",7.75103169207149,0.569025457265773
"430","ppc","NB_WorstPPCVSL434_CT","10",7.92623028099792,0.365430367939932
"431","ppc","NB_WorstPPCVSL434_CT","11",7.99918957557882,0.342329851144568
"432","ppc","NB_WorstPPCVSL434_CT","12",8.01849076571839,0.364758093068489
"433","ppc","NB_WorstPPCVSL434_CT","13",8.02178093029302,0.371336858444842
"434","ppc","NB_WorstPPCVSL434_CT","14",8.02178093029302,0.371336858444842
"435","ppc","NB_WorstPPCVSL434_CT","15",8.02178093029302,0.371336858444842
"436","ppc","NB_WorstPPCVSL434_CT","16",8.02178093029302,0.371336858444842
"437","ppc","NB_WorstPPCVSL434_CT","17",8.02178093029302,0.371336858444842
"438","ppc","NB_WorstPPCVSL434_CT","18",8.02178093029302,0.371336858444842
"439","ppc","NB_WorstPPCVSL434_CT","19",8.02178093029302,0.371336858444842
"440","ppc","NB_WorstPPCVSL434_CT","20",8.02178093029302,0.371336858444842
"441","ppc","NB_WorstPPCVSL434_CT","21",8.02178093029302,0.371336858444842
"442","ppc","NB_WorstPPCVSL434_CT","22",8.02178093029302,0.371336858444842
"443","ppc","NB_WorstPPCVSL434_CT","23",8.02178093029302,0.371336858444842
"444","ppc","NB_WorstPPCVSL434_CT","24",8.02178093029302,0.371336858444842
"445","ppc","NB_WorstPPCVSL434_CT","25",8.02178093029302,0.371336858444842
"446","ppc","NB_WorstPPCVSL434_CT","26",8.02178093029302,0.371336858444842
"447","ppc","NB_WorstPPCVSL434_CT","27",8.02178093029302,0.371336858444842
"448","ppc","NB_WorstPPCVSL434_CT","28",8.02178093029302,0.371336858444842
"449","ppc","NB_WorstPPCVSL434_CT","29",8.02178093029302,0.371336858444842
"450","ppc","NB_WorstPPCVSL434_CT","30",8.02178093029302,0.371336858444842
"451","ppc","NB_WorstPPCVSL434_CT","31",8.02178093029302,0.371336858444842
"452","ppc","NB_WorstPPCVSL434_CT","32",8.02178093029302,0.371336858444842
"453","ppc","NB_WorstPPCVSL434_CT","33",8.02178093029302,0.371336858444842
"454","ppc","NB_WorstPPCVSL434_CT","34",8.02178093029302,0.371336858444842
"455","ppc","NB_WorstPPCVSL434_CT","35",8.02178093029302,0.371336858444842
"456","ppc","NB_WorstPPCVSL434_LT","1",-1.1443910258711,0.986527125902914
"457","ppc","NB_WorstPPCVSL434_LT","2",-0.46948259456822,1.65843735549651
"458","ppc","NB_WorstPPCVSL434_LT","3",0.368821321127481,2.21475639378953
"459","ppc","NB_WorstPPCVSL434_LT","4",1.28622360640112,2.70873741106854
"460","ppc","NB_WorstPPCVSL434_LT","5",2.14878526825264,3.03614329553456
"461","ppc","NB_WorstPPCVSL434_LT","6",2.88659638931525,3.24190025232059
"462","ppc","NB_WorstPPCVSL434_LT","7",3.48715488472098,3.32860921128391
"463","ppc","NB_WorstPPCVSL434_LT","8",3.99770673939823,3.36348835409547
"464","ppc","NB_WorstPPCVSL434_LT","9",4.42688840928131,3.3584473641941
"465","ppc","NB_WorstPPCVSL434_LT","10",4.78614025073124,3.32691068539619
"466","ppc","NB_WorstPPCVSL434_LT","11",5.09526634920161,3.28121271007304
"467","ppc","NB_WorstPPCVSL434_LT","12",5.36767196592308,3.23219865167215
"468","ppc","NB_WorstPPCVSL434_LT","13",5.60042022722203,3.177514377355
"469","ppc","NB_WorstPPCVSL434_LT","14",5.80502603971281,3.1254901914475
"470","ppc","NB_WorstPPCVSL434_LT","15",5.97953377010778,3.0726538105403
"471","ppc","NB_WorstPPCVSL434_LT","16",6.12926550030497,3.0187327394773
"472","ppc","NB_WorstPPCVSL434_LT","17",6.25897342309025,2.96414215330361
"473","ppc","NB_WorstPPCVSL434_LT","18",6.37283572516034,2.91178262568553
"474","ppc","NB_WorstPPCVSL434_LT","19",6.47715649152237,2.86274443551145
"475","ppc","NB_WorstPPCVSL434_LT","20",6.57065484291219,2.81645195699217
"476","ppc","NB_WorstPPCVSL434_LT","21",6.65258177442071,2.77449493816767
"477","ppc","NB_WorstPPCVSL434_LT","22",6.72440476001671,2.73602230090318
"478","ppc","NB_WorstPPCVSL434_LT","23",6.78826319926833,2.70082488013836
"479","ppc","NB_WorstPPCVSL434_LT","24",6.84530959687432,2.66787626013893
"480","ppc","NB_WorstPPCVSL434_LT","25",6.89587296333782,2.63671111093715
"481","ppc","NB_WorstPPCVSL434_LT","26",6.94333226043351,2.60816586324102
"482","ppc","NB_WorstPPCVSL434_LT","27",6.98389791953146,2.5817895711025
"483","ppc","NB_WorstPPCVSL434_LT","28",7.01911930746014,2.55670306972632
"484","ppc","NB_WorstPPCVSL434_LT","29",7.04980699382241,2.53305084004468
"485","ppc","NB_WorstPPCVSL434_LT","30",7.07583171203943,2.51000888997406
"486","ppc","NB_WorstPPCVSL434_LT","31",7.10011470386329,2.48869717902994
"487","ppc","NB_WorstPPCVSL434_LT","32",7.12189990897699,2.46856215113552
"488","ppc","NB_WorstPPCVSL434_LT","33",7.14129616052507,2.4490561524889
"489","ppc","NB_WorstPPCVSL434_LT","34",7.15954598333597,2.43022978077963
"490","ppc","NB_WorstPPCVSL434_LT","35",7.17528850869325,2.41095065487429
"491","ppc","TB_MeanSpoilType_CT","1",-0.765736555469529,0.979387390791334
"492","ppc","TB_MeanSpoilType_CT","2",0.510904211470933,1.35617832809833
"493","ppc","TB_MeanSpoilType_CT","3",3.00983075809095,1.55050398527345
"494","ppc","TB_MeanSpoilType_CT","4",5.17446014152108,2.39386775059973
"495","ppc","TB_MeanSpoilType_CT","5",5.96303776323247,2.01441239155707
"496","ppc","TB_MeanSpoilType_CT","6",6.59761738237584,1.57707624888196
"497","ppc","TB_MeanSpoilType_CT","7",7.14925325098059,1.18795439058105
"498","ppc","TB_MeanSpoilType_CT","8",7.54625558426059,0.829364965707948
"499","ppc","TB_MeanSpoilType_CT","9",7.78719557029777,0.526890540354803
"500","ppc","TB_MeanSpoilType_CT","10",7.92364037550077,0.351347873993113
"501","ppc","TB_MeanSpoilType_CT","11",7.97464512714574,0.311358219195872
"502","ppc","TB_MeanSpoilType_CT","12",7.98931437684799,0.327733228421348
"503","ppc","TB_MeanSpoilType_CT","13",7.99089275910861,0.33222153457051
"504","ppc","TB_MeanSpoilType_CT","14",7.99089275910861,0.33222153457051
"505","ppc","TB_MeanSpoilType_CT","15",7.99089275910861,0.33222153457051
"506","ppc","TB_MeanSpoilType_CT","16",7.99089275910861,0.33222153457051
"507","ppc","TB_MeanSpoilType_CT","17",7.99089275910861,0.33222153457051
"508","ppc","TB_MeanSpoilType_CT","18",7.99089275910861,0.33222153457051
"509","ppc","TB_MeanSpoilType_CT","19",7.99089275910861,0.33222153457051
"510","ppc","TB_MeanSpoilType_CT","20",7.99089275910861,0.33222153457051
"511","ppc","TB_MeanSpoilType_CT","21",7.99089275910861,0.33222153457051
"512","ppc","TB_MeanSpoilType_CT","22",7.99089275910861,0.33222153457051
"513","ppc","TB_MeanSpoilType_CT","23",7.99089275910861,0.33222153457051
"514","ppc","TB_MeanSpoilType_CT","24",7.99089275910861,0.33222153457051
"515","ppc","TB_MeanSpoilType_CT","25",7.99089275910861,0.33222153457051
"516","ppc","TB_MeanSpoilType_CT","26",7.99089275910861,0.33222153457051
"517","ppc","TB_MeanSpoilType_CT","27",7.99089275910861,0.33222153457051
"518","ppc","TB_MeanSpoilType_CT","28",7.99089275910861,0.33222153457051
"519","ppc","TB_MeanSpoilType_CT","29",7.99089275910861,0.33222153457051
"520","ppc","TB_MeanSpoilType_CT","30",7.99089275910861,0.33222153457051
"521","ppc","TB_MeanSpoilType_CT","31",7.99089275910861,0.33222153457051
"522","ppc","TB_MeanSpoilType_CT","32",7.99089275910861,0.33222153457051
"523","ppc","TB_MeanSpoilType_CT","33",7.99089275910861,0.33222153457051
"524","ppc","TB_MeanSpoilType_CT","34",7.99089275910861,0.33222153457051
"525","ppc","TB_MeanSpoilType_CT","35",7.99089275910861,0.33222153457051
"526","ppc","TB_MeanSpoilType_LT","1",-1.0717581260032,1.00381325302604
"527","ppc","TB_MeanSpoilType_LT","2",-0.394395838098549,1.69300316812111
"528","ppc","TB_MeanSpoilType_LT","3",0.470143022001574,2.28668919862765
"529","ppc","TB_MeanSpoilType_LT","4",1.43368161669219,2.79725958253356
"530","ppc","TB_MeanSpoilType_LT","5",2.34610374700008,3.10779197616577
"531","ppc","TB_MeanSpoilType_LT","6",3.14226962173465,3.25647585711582
"532","ppc","TB_MeanSpoilType_LT","7",3.76046392438615,3.251937430101
"533","ppc","TB_MeanSpoilType_LT","8",4.27381550615068,3.21150738939262
"534","ppc","TB_MeanSpoilType_LT","9",4.71801225928074,3.17073595790561
"535","ppc","TB_MeanSpoilType_LT","10",5.08135316673611,3.12134505586024
"536","ppc","TB_MeanSpoilType_LT","11",5.38311983662943,3.05149245867739
"537","ppc","TB_MeanSpoilType_LT","12",5.64439101451944,2.97977676885827
"538","ppc","TB_MeanSpoilType_LT","13",5.87228561050263,2.90720526590827
"539","ppc","TB_MeanSpoilType_LT","14",6.07902694629142,2.84455237465519
"540","ppc","TB_MeanSpoilType_LT","15",6.25305399004004,2.78345616143547
"541","ppc","TB_MeanSpoilType_LT","16",6.39572734824116,2.7209996545902
"542","ppc","TB_MeanSpoilType_LT","17",6.51970368827626,2.65779921027933
"543","ppc","TB_MeanSpoilType_LT","18",6.63328763703777,2.60335580973743
"544","ppc","TB_MeanSpoilType_LT","19",6.72872570089468,2.54777033681991
"545","ppc","TB_MeanSpoilType_LT","20",6.81098285153377,2.49646693774629
"546","ppc","TB_MeanSpoilType_LT","21",6.88422572132558,2.45089390336659
"547","ppc","TB_MeanSpoilType_LT","22",6.94477277709042,2.40778487101384
"548","ppc","TB_MeanSpoilType_LT","23",7.00381418503071,2.36575339284733
"549","ppc","TB_MeanSpoilType_LT","24",7.05862757435336,2.32630334348639
"550","ppc","TB_MeanSpoilType_LT","25",7.10897189465749,2.29070754822088
"551","ppc","TB_MeanSpoilType_LT","26",7.15430700197207,2.25510036686426
"552","ppc","TB_MeanSpoilType_LT","27",7.19050790575428,2.22127500571187
"553","ppc","TB_MeanSpoilType_LT","28",7.22142618054185,2.18826571933395
"554","ppc","TB_MeanSpoilType_LT","29",7.24964923492791,2.15764599405711
"555","ppc","TB_MeanSpoilType_LT","30",7.27594943732041,2.12956207256374
"556","ppc","TB_MeanSpoilType_LT","31",7.30115839262993,2.10426078180683
"557","ppc","TB_MeanSpoilType_LT","32",7.3249416111237,2.08157870236496
"558","ppc","TB_MeanSpoilType_LT","33",7.34575395172388,2.06008053946116
"559","ppc","TB_MeanSpoilType_LT","34",7.36565384829932,2.04033246850582
"560","ppc","TB_MeanSpoilType_LT","35",7.38236393338686,2.02162256627433
"561","ppc","TB_WorstPPCVSL434_CT","1",-0.826604728814865,0.89721231373096
"562","ppc","TB_WorstPPCVSL434_CT","2",0.492445741726062,1.24967215734673
"563","ppc","TB_WorstPPCVSL434_CT","3",2.82474398238017,1.63637776869673
"564","ppc","TB_WorstPPCVSL434_CT","4",4.83491904620217,2.45514055298901
"565","ppc","TB_WorstPPCVSL434_CT","5",5.68035510103389,2.10680706525365
"566","ppc","TB_WorstPPCVSL434_CT","6",6.36380968488948,1.6680000927887
"567","ppc","TB_WorstPPCVSL434_CT","7",6.98608920028924,1.2794109711586
"568","ppc","TB_WorstPPCVSL434_CT","8",7.45101959250526,0.9029304366858
"569","ppc","TB_WorstPPCVSL434_CT","9",7.75103169207149,0.569025457265773
"570","ppc","TB_WorstPPCVSL434_CT","10",7.92623028099792,0.365430367939932
"571","ppc","TB_WorstPPCVSL434_CT","11",7.99918957557882,0.342329851144568
"572","ppc","TB_WorstPPCVSL434_CT","12",8.01849076571839,0.364758093068489
"573","ppc","TB_WorstPPCVSL434_CT","13",8.02178093029302,0.371336858444842
"574","ppc","TB_WorstPPCVSL434_CT","14",8.02178093029302,0.371336858444842
"575","ppc","TB_WorstPPCVSL434_CT","15",8.02178093029302,0.371336858444842
"576","ppc","TB_WorstPPCVSL434_CT","16",8.02178093029302,0.371336858444842
"577","ppc","TB_WorstPPCVSL434_CT","17",8.02178093029302,0.371336858444842
"578","ppc","TB_WorstPPCVSL434_CT","18",8.02178093029302,0.371336858444842
"579","ppc","TB_WorstPPCVSL434_CT","19",8.02178093029302,0.371336858444842
"580","ppc","TB_WorstPPCVSL434_CT","20",8.02178093029302,0.371336858444842
"581","ppc","TB_WorstPPCVSL434_CT","21",8.02178093029302,0.371336858444842
"582","ppc","TB_WorstPPCVSL434_CT","22",8.02178093029302,0.371336858444842
"583","ppc","TB_WorstPPCVSL434_CT","23",8.02178093029302,0.371336858444842
"584","ppc","TB_WorstPPCVSL434_CT","24",8.02178093029302,0.371336858444842
"585","ppc","TB_WorstPPCVSL434_CT","25",8.02178093029302,0.371336858444842
"586","ppc","TB_WorstPPCVSL434_CT","26",8.02178093029302,0.371336858444842
"587","ppc","TB_WorstPPCVSL434_CT","27",8.02178093029302,0.371336858444842
"588","ppc","TB_WorstPPCVSL434_CT","28",8.02178093029302,0.371336858444842
"589","ppc","TB_WorstPPCVSL434_CT","29",8.02178093029302,0.371336858444842
"590","ppc","TB_WorstPPCVSL434_CT","30",8.02178093029302,0.371336858444842
"591","ppc","TB_WorstPPCVSL434_CT","31",8.02178093029302,0.371336858444842
"592","ppc","TB_WorstPPCVSL434_CT","32",8.02178093029302,0.371336858444842
"593","ppc","TB_WorstPPCVSL434_CT","33",8.02178093029302,0.371336858444842
"594","ppc","TB_WorstPPCVSL434_CT","34",8.02178093029302,0.371336858444842
"595","ppc","TB_WorstPPCVSL434_CT","35",8.02178093029302,0.371336858444842
"596","ppc","TB_WorstPPCVSL434_LT","1",-1.1443910258711,0.986527125902914
"597","ppc","TB_WorstPPCVSL434_LT","2",-0.46948259456822,1.65843735549651
"598","ppc","TB_WorstPPCVSL434_LT","3",0.368821321127481,2.21475639378953
"599","ppc","TB_WorstPPCVSL434_LT","4",1.28622360640112,2.70873741106854
"600","ppc","TB_WorstPPCVSL434_LT","5",2.14878526825264,3.03614329553456
"601","ppc","TB_WorstPPCVSL434_LT","6",2.88659638931525,3.24190025232059
"602","ppc","TB_WorstPPCVSL434_LT","7",3.48715488472098,3.32860921128391
"603","ppc","TB_WorstPPCVSL434_LT","8",3.99770673939823,3.36348835409547
"604","ppc","TB_WorstPPCVSL434_LT","9",4.42688840928131,3.3584473641941
"605","ppc","TB_WorstPPCVSL434_LT","10",4.78614025073124,3.32691068539619
"606","ppc","TB_WorstPPCVSL434_LT","11",5.09526634920161,3.28121271007304
"607","ppc","TB_WorstPPCVSL434_LT","12",5.36767196592308,3.23219865167215
"608","ppc","TB_WorstPPCVSL434_LT","13",5.60042022722203,3.177514377355
"609","ppc","TB_WorstPPCVSL434_LT","14",5.80502603971281,3.1254901914475
"610","ppc","TB_WorstPPCVSL434_LT","15",5.97953377010778,3.0726538105403
"611","ppc","TB_WorstPPCVSL434_LT","16",6.12926550030497,3.0187327394773
"612","ppc","TB_WorstPPCVSL434_LT","17",6.25897342309025,2.96414215330361
"613","ppc","TB_WorstPPCVSL434_LT","18",6.37283572516034,2.91178262568553
"614","ppc","TB_WorstPPCVSL434_LT","19",6.47715649152237,2.86274443551145
"615","ppc","TB_WorstPPCVSL434_LT","20",6.57065484291219,2.81645195699217
"616","ppc","TB_WorstPPCVSL434_LT","21",6.65258177442071,2.77449493816767
"617","ppc","TB_WorstPPCVSL434_LT","22",6.72440476001671,2.73602230090318
"618","ppc","TB_WorstPPCVSL434_LT","23",6.78826319926833,2.70082488013836
"619","ppc","TB_WorstPPCVSL434_LT","24",6.84530959687432,2.66787626013893
"620","ppc","TB_WorstPPCVSL434_LT","25",6.89587296333782,2.63671111093715
"621","ppc","TB_WorstPPCVSL434_LT","26",6.94333226043351,2.60816586324102
"622","ppc","TB_WorstPPCVSL434_LT","27",6.98389791953146,2.5817895711025
"623","ppc","TB_WorstPPCVSL434_LT","28",7.01911930746014,2.55670306972632
"624","ppc","TB_WorstPPCVSL434_LT","29",7.04980699382241,2.53305084004468
"625","ppc","TB_WorstPPCVSL434_LT","30",7.07583171203943,2.51000888997406
"626","ppc","TB_WorstPPCVSL434_LT","31",7.10011470386329,2.48869717902994
"627","ppc","TB_WorstPPCVSL434_LT","32",7.12189990897699,2.46856215113552
"628","ppc","TB_WorstPPCVSL434_LT","33",7.14129616052507,2.4490561524889
"629","ppc","TB_WorstPPCVSL434_LT","34",7.15954598333597,2.43022978077963
"630","ppc","TB_WorstPPCVSL434_LT","35",7.17528850869325,2.41095065487429
"631","spore","MB_BestPPCVSL436_CT","1",-1.51521291593784,0.892384200149431
"632","spore","MB_BestPPCVSL436_CT","2",-1.48610801838629,0.907842840005964
"633","spore","MB_BestPPCVSL436_CT","3",-1.41907163208173,0.950836577471895
"634","spore","MB_BestPPCVSL436_CT","4",-1.32189665375279,1.02870017680245
"635","spore","MB_BestPPCVSL436_CT","5",-1.20660936937776,1.14384766615498
"636","spore","MB_BestPPCVSL436_CT","6",-1.07395866874979,1.2877626877221
"637","spore","MB_BestPPCVSL436_CT","7",-0.924445136281637,1.43370783285101
"638","spore","MB_BestPPCVSL436_CT","8",-0.763695114360041,1.56403697516428
"639","spore","MB_BestPPCVSL436_CT","9",-0.592319011620383,1.69101740067093
"640","spore","MB_BestPPCVSL436_CT","10",-0.41003865177646,1.82076242959398
"641","spore","MB_BestPPCVSL436_CT","11",-0.218964568206265,1.94189640856304
"642","spore","MB_BestPPCVSL436_CT","12",-0.0248347742693361,2.05699442015516
"643","spore","MB_BestPPCVSL436_CT","13",0.169789655336209,2.16232941467874
"644","spore","MB_BestPPCVSL436_CT","14",0.366286809956765,2.26025193737798
"645","spore","MB_BestPPCVSL436_CT","15",0.56567313235545,2.35677933615977
"646","spore","MB_BestPPCVSL436_CT","16",0.765139160517551,2.44858279136768
"647","spore","MB_BestPPCVSL436_CT","17",0.96321050093742,2.53625517028446
"648","spore","MB_BestPPCVSL436_CT","18",1.15691889997779,2.61496060588958
"649","spore","MB_BestPPCVSL436_CT","19",1.34196386075711,2.67998290684008
"650","spore","MB_BestPPCVSL436_CT","20",1.52158572038817,2.73784804493736
"651","spore","MB_BestPPCVSL436_CT","21",1.69518576227027,2.78499297187112
"652","spore","MB_BestPPCVSL436_CT","22",1.8641483109076,2.82727462775416
"653","spore","MB_BestPPCVSL436_CT","23",2.02813386694737,2.861726563692
"654","spore","MB_BestPPCVSL436_CT","24",2.18852898678951,2.89183105876201
"655","spore","MB_BestPPCVSL436_CT","25",2.34581540838546,2.91884727482053
"656","spore","MB_BestPPCVSL436_CT","26",2.49718986275361,2.94093038704025
"657","spore","MB_BestPPCVSL436_CT","27",2.6439339059442,2.96085838048749
"658","spore","MB_BestPPCVSL436_CT","28",2.78709978079792,2.97608534628931
"659","spore","MB_BestPPCVSL436_CT","29",2.92688344126948,2.98983935620393
"660","spore","MB_BestPPCVSL436_CT","30",3.06406207950893,3.00359048541939
"661","spore","MB_BestPPCVSL436_CT","31",3.19454888761066,3.01271337906984
"662","spore","MB_BestPPCVSL436_CT","32",3.31750343925398,3.01630386377678
"663","spore","MB_BestPPCVSL436_CT","33",3.43488414890839,3.01652045044418
"664","spore","MB_BestPPCVSL436_CT","34",3.5463677627808,3.01445892000929
"665","spore","MB_BestPPCVSL436_CT","35",3.65311920107422,3.01151193587313
"666","spore","MB_BestPPCVSL436_LT","1",-1.51521291593784,0.892384200149431
"667","spore","MB_BestPPCVSL436_LT","2",-1.48610801838629,0.907842840005964
"668","spore","MB_BestPPCVSL436_LT","3",-1.41907163208173,0.950836577471895
"669","spore","MB_BestPPCVSL436_LT","4",-1.32189665375279,1.02870017680245
"670","spore","MB_BestPPCVSL436_LT","5",-1.20660936937776,1.14384766615498
"671","spore","MB_BestPPCVSL436_LT","6",-1.07395866874979,1.2877626877221
"672","spore","MB_BestPPCVSL436_LT","7",-0.924445136281637,1.43370783285101
"673","spore","MB_BestPPCVSL436_LT","8",-0.763695114360041,1.56403697516428
"674","spore","MB_BestPPCVSL436_LT","9",-0.592319011620383,1.69101740067093
"675","spore","MB_BestPPCVSL436_LT","10",-0.41003865177646,1.82076242959398
"676","spore","MB_BestPPCVSL436_LT","11",-0.218964568206265,1.94189640856304
"677","spore","MB_BestPPCVSL436_LT","12",-0.0248347742693361,2.05699442015516
"678","spore","MB_BestPPCVSL436_LT","13",0.169789655336209,2.16232941467874
"679","spore","MB_BestPPCVSL436_LT","14",0.366286809956765,2.26025193737798
"680","spore","MB_BestPPCVSL436_LT","15",0.56567313235545,2.35677933615977
"681","spore","MB_BestPPCVSL436_LT","16",0.765139160517551,2.44858279136768
"682","spore","MB_BestPPCVSL436_LT","17",0.96321050093742,2.53625517028446
"683","spore","MB_BestPPCVSL436_LT","18",1.15691889997779,2.61496060588958
"684","spore","MB_BestPPCVSL436_LT","19",1.34196386075711,2.67998290684008
"685","spore","MB_BestPPCVSL436_LT","20",1.52158572038817,2.73784804493736
"686","spore","MB_BestPPCVSL436_LT","21",1.69518576227027,2.78499297187112
"687","spore","MB_BestPPCVSL436_LT","22",1.8641483109076,2.82727462775416
"688","spore","MB_BestPPCVSL436_LT","23",2.02813386694737,2.861726563692
"689","spore","MB_BestPPCVSL436_LT","24",2.18852898678951,2.89183105876201
"690","spore","MB_BestPPCVSL436_LT","25",2.34581540838546,2.91884727482053
"691","spore","MB_BestPPCVSL436_LT","26",2.49718986275361,2.94093038704025
"692","spore","MB_BestPPCVSL436_LT","27",2.6439339059442,2.96085838048749
"693","spore","MB_BestPPCVSL436_LT","28",2.78709978079792,2.97608534628931
"694","spore","MB_BestPPCVSL436_LT","29",2.92688344126948,2.98983935620393
"695","spore","MB_BestPPCVSL436_LT","30",3.06406207950893,3.00359048541939
"696","spore","MB_BestPPCVSL436_LT","31",3.19454888761066,3.01271337906984
"697","spore","MB_BestPPCVSL436_LT","32",3.31750343925398,3.01630386377678
"698","spore","MB_BestPPCVSL436_LT","33",3.43488414890839,3.01652045044418
"699","spore","MB_BestPPCVSL436_LT","34",3.5463677627808,3.01445892000929
"700","spore","MB_BestPPCVSL436_LT","35",3.65311920107422,3.01151193587313
"701","spore","MB_MeanSpoilType_CT","1",-1.52271299170498,0.919098466823506
"702","spore","MB_MeanSpoilType_CT","2",-1.47045279003414,0.918578351406785
"703","spore","MB_MeanSpoilType_CT","3",-1.3446277571104,0.934089597286752
"704","spore","MB_MeanSpoilType_CT","4",-1.20188084402963,0.983757633470673
"705","spore","MB_MeanSpoilType_CT","5",-1.00021479136826,1.04802052472179
"706","spore","MB_MeanSpoilType_CT","6",-0.663614737570593,1.09499892174446
"707","spore","MB_MeanSpoilType_CT","7",-0.295778550745389,1.16829441834847
"708","spore","MB_MeanSpoilType_CT","8",0.0720576360798143,1.27441179632955
"709","spore","MB_MeanSpoilType_CT","9",0.473351663689785,1.3632604272098
"710","spore","MB_MeanSpoilType_CT","10",0.88513213894434,1.45972669388307
"711","spore","MB_MeanSpoilType_CT","11",1.30369361382718,1.56130107644553
"712","spore","MB_MeanSpoilType_CT","12",1.73170710693642,1.66261036314081
"713","spore","MB_MeanSpoilType_CT","13",2.15876876297637,1.77575827408531
"714","spore","MB_MeanSpoilType_CT","14",2.58149532635329,1.88995533445788
"715","spore","MB_MeanSpoilType_CT","15",3.0321559480723,1.92403377557614
"716","spore","MB_MeanSpoilType_CT","16",3.49164623412356,1.88922121617715
"717","spore","MB_MeanSpoilType_CT","17",3.92636902741446,1.83355907485181
"718","spore","MB_MeanSpoilType_CT","18",4.3134537192399,1.74388545479205
"719","spore","MB_MeanSpoilType_CT","19",4.65474012343716,1.63084557586879
"720","spore","MB_MeanSpoilType_CT","20",4.96320432778376,1.51347561009419
"721","spore","MB_MeanSpoilType_CT","21",5.24719904888702,1.39781030731045
"722","spore","MB_MeanSpoilType_CT","22",5.51094246393433,1.29127848708914
"723","spore","MB_MeanSpoilType_CT","23",5.74633946051223,1.18873493794463
"724","spore","MB_MeanSpoilType_CT","24",5.94440253819956,1.08359519701138
"725","spore","MB_MeanSpoilType_CT","25",6.10651514294401,0.978563294485729
"726","spore","MB_MeanSpoilType_CT","26",6.23550380046236,0.883254401522014
"727","spore","MB_MeanSpoilType_CT","27",6.33354680127549,0.798411705533353
"728","spore","MB_MeanSpoilType_CT","28",6.41191497253835,0.733932552910434
"729","spore","MB_MeanSpoilType_CT","29",6.47871254124398,0.694608409733884
"730","spore","MB_MeanSpoilType_CT","30",6.53629129997924,0.684837141918012
"731","spore","MB_MeanSpoilType_CT","31",6.58093940885952,0.693748191169615
"732","spore","MB_MeanSpoilType_CT","32",6.60989963552458,0.70378378883451
"733","spore","MB_MeanSpoilType_CT","33",6.62893417227107,0.715505053813864
"734","spore","MB_MeanSpoilType_CT","34",6.63667053817393,0.719259495388312
"735","spore","MB_MeanSpoilType_CT","35",6.64087927096482,0.722102673429137
"736","spore","MB_MeanSpoilType_LT","1",-1.51832036218428,0.919206981766702
"737","spore","MB_MeanSpoilType_LT","2",-1.48386669143669,0.937832752688107
"738","spore","MB_MeanSpoilType_LT","3",-1.4131691098335,0.986717521626358
"739","spore","MB_MeanSpoilType_LT","4",-1.31003107236311,1.0672020321287
"740","spore","MB_MeanSpoilType_LT","5",-1.18487149234742,1.18410829455248
"741","spore","MB_MeanSpoilType_LT","6",-1.04341862142022,1.3293521947331
"742","spore","MB_MeanSpoilType_LT","7",-0.884251937370231,1.48371153404184
"743","spore","MB_MeanSpoilType_LT","8",-0.714920556051485,1.62499466805767
"744","spore","MB_MeanSpoilType_LT","9",-0.534900776345452,1.77103191683413
"745","spore","MB_MeanSpoilType_LT","10",-0.343261403294238,1.92417167706472
"746","spore","MB_MeanSpoilType_LT","11",-0.144079556195257,2.05328823337432
"747","spore","MB_MeanSpoilType_LT","12",0.0564709351285601,2.17009613657546
"748","spore","MB_MeanSpoilType_LT","13",0.252654053482982,2.26863808912518
"749","spore","MB_MeanSpoilType_LT","14",0.44575549294762,2.34936523082129
"750","spore","MB_MeanSpoilType_LT","15",0.642807214447477,2.433362053792
"751","spore","MB_MeanSpoilType_LT","16",0.84162197552814,2.51871814047804
"752","spore","MB_MeanSpoilType_LT","17",1.04085377068239,2.60177313114755
"753","spore","MB_MeanSpoilType_LT","18",1.23832669127506,2.68221662142709
"754","spore","MB_MeanSpoilType_LT","19",1.42504605558109,2.74877977592812
"755","spore","MB_MeanSpoilType_LT","20",1.60648630724134,2.80785578186173
"756","spore","MB_MeanSpoilType_LT","21",1.78291122483398,2.85720107108769
"757","spore","MB_MeanSpoilType_LT","22",1.95298597789385,2.90223191517709
"758","spore","MB_MeanSpoilType_LT","23",2.11310577815171,2.93204677879026
"759","spore","MB_MeanSpoilType_LT","24",2.26720841328004,2.95618216943955
"760","spore","MB_MeanSpoilType_LT","25",2.41902234209921,2.97794369455287
"761","spore","MB_MeanSpoilType_LT","26",2.56746052911518,2.99678705718515
"762","spore","MB_MeanSpoilType_LT","27",2.71285125316281,3.0141564977992
"763","spore","MB_MeanSpoilType_LT","28",2.856316452174,3.02527965281198
"764","spore","MB_MeanSpoilType_LT","29",2.99805200613384,3.03579991632586
"765","spore","MB_MeanSpoilType_LT","30",3.13568200230717,3.04623302693363
"766","spore","MB_MeanSpoilType_LT","31",3.26374804237317,3.05082127331978
"767","spore","MB_MeanSpoilType_LT","32",3.38238579503564,3.04716626865801
"768","spore","MB_MeanSpoilType_LT","33",3.49780541092213,3.04181704059161
"769","spore","MB_MeanSpoilType_LT","34",3.60636418248068,3.03371903396566
"770","spore","MB_MeanSpoilType_LT","35",3.70926910258497,3.02463608240764
"771","spore","MB_WorstPPCVSL434_CT","1",-1.51850664014716,0.887581704146583
"772","spore","MB_WorstPPCVSL434_CT","2",-1.46121848904444,0.888593874426298
"773","spore","MB_WorstPPCVSL434_CT","3",-1.30598931751704,0.910755162941818
"774","spore","MB_WorstPPCVSL434_CT","4",-1.12702298559439,0.978162562973744
"775","spore","MB_WorstPPCVSL434_CT","5",-0.871298456904668,1.05934827602167
"776","spore","MB_WorstPPCVSL434_CT","6",-0.491420368439289,1.11067254079216
"777","spore","MB_WorstPPCVSL434_CT","7",-0.0828017321776686,1.17886666053964
"778","spore","MB_WorstPPCVSL434_CT","8",0.325816904083952,1.27479743120486
"779","spore","MB_WorstPPCVSL434_CT","9",0.763994159083993,1.34795665436596
"780","spore","MB_WorstPPCVSL434_CT","10",1.21143575692794,1.42411925419725
"781","spore","MB_WorstPPCVSL434_CT","11",1.66140677526814,1.51125996227182
"782","spore","MB_WorstPPCVSL434_CT","12",2.11490354643883,1.60620804516775
"783","spore","MB_WorstPPCVSL434_CT","13",2.56577520134546,1.70403105688956
"784","spore","MB_WorstPPCVSL434_CT","14",3.00662955727892,1.78584548501973
"785","spore","MB_WorstPPCVSL434_CT","15",3.44686326129789,1.79305117722807
"786","spore","MB_WorstPPCVSL434_CT","16",3.87216823070395,1.72902098598186
"787","spore","MB_WorstPPCVSL434_CT","17",4.27861517274922,1.65487570613934
"788","spore","MB_WorstPPCVSL434_CT","18",4.64940292939043,1.56549461752877
"789","spore","MB_WorstPPCVSL434_CT","19",4.97137150278802,1.45336118031502
"790","spore","MB_WorstPPCVSL434_CT","20",5.24816732321798,1.33094532152153
"791","spore","MB_WorstPPCVSL434_CT","21",5.509337653272,1.21783560945628
"792","spore","MB_WorstPPCVSL434_CT","22",5.75889513720438,1.12288986907594
"793","spore","MB_WorstPPCVSL434_CT","23",5.98574789884939,1.042613653863
"794","spore","MB_WorstPPCVSL434_CT","24",6.17033196853273,0.966299430317014
"795","spore","MB_WorstPPCVSL434_CT","25",6.30991505037381,0.887268549629691
"796","spore","MB_WorstPPCVSL434_CT","26",6.41450083308047,0.816001390976073
"797","spore","MB_WorstPPCVSL434_CT","27",6.48909276949917,0.756348341162841
"798","spore","MB_WorstPPCVSL434_CT","28",6.53930288381699,0.709546756056242
"799","spore","MB_WorstPPCVSL434_CT","29",6.57993386908374,0.683104410252943
"800","spore","MB_WorstPPCVSL434_CT","30",6.61522645224764,0.680686978826606
"801","spore","MB_WorstPPCVSL434_CT","31",6.64062106772605,0.690292275344267
"802","spore","MB_WorstPPCVSL434_CT","32",6.65670251421577,0.699908579155147
"803","spore","MB_WorstPPCVSL434_CT","33",6.66759375987792,0.711505772551613
"804","spore","MB_WorstPPCVSL434_CT","34",6.66851714285714,0.712812956279037
"805","spore","MB_WorstPPCVSL434_CT","35",6.66851714285714,0.712812956279037
"806","spore","MB_WorstPPCVSL434_LT","1",-1.51546840914236,0.888898532480075
"807","spore","MB_WorstPPCVSL434_LT","2",-1.47003984769831,0.903800210763198
"808","spore","MB_WorstPPCVSL434_LT","3",-1.37521821666498,0.94872879298199
"809","spore","MB_WorstPPCVSL434_LT","4",-1.24581717500815,1.03184846447444
"810","spore","MB_WorstPPCVSL434_LT","5",-1.09563275773701,1.1696792589512
"811","spore","MB_WorstPPCVSL434_LT","6",-0.924079444144264,1.35056115459996
"812","spore","MB_WorstPPCVSL434_LT","7",-0.735724674275637,1.53107224489966
"813","spore","MB_WorstPPCVSL434_LT","8",-0.541476234884342,1.65520271607969
"814","spore","MB_WorstPPCVSL434_LT","9",-0.333023002699489,1.77152778872102
"815","spore","MB_WorstPPCVSL434_LT","10",-0.113049440369114,1.88915476802231
"816","spore","MB_WorstPPCVSL434_LT","11",0.11866650093662,2.00572942015105
"817","spore","MB_WorstPPCVSL434_LT","12",0.352357610530036,2.11560763801991
"818","spore","MB_WorstPPCVSL434_LT","13",0.595759084998865,2.21271234004483
"819","spore","MB_WorstPPCVSL434_LT","14",0.843051011105915,2.31611306431573
"820","spore","MB_WorstPPCVSL434_LT","15",1.08547813645503,2.41520945624324
"821","spore","MB_WorstPPCVSL434_LT","16",1.3191994912519,2.50100084150516
"822","spore","MB_WorstPPCVSL434_LT","17",1.54830618159984,2.58064121779222
"823","spore","MB_WorstPPCVSL434_LT","18",1.76366017464273,2.63771951641102
"824","spore","MB_WorstPPCVSL434_LT","19",1.97001321880413,2.68189205931552
"825","spore","MB_WorstPPCVSL434_LT","20",2.16988380664697,2.72250549899172
"826","spore","MB_WorstPPCVSL434_LT","21",2.35761644372538,2.75207667049069
"827","spore","MB_WorstPPCVSL434_LT","22",2.53492505596492,2.77097622225161
"828","spore","MB_WorstPPCVSL434_LT","23",2.71089552856249,2.79200629468099
"829","spore","MB_WorstPPCVSL434_LT","24",2.88686600116006,2.82054516136122
"830","spore","MB_WorstPPCVSL434_LT","25",3.05906253098326,2.8479235898092
"831","spore","MB_WorstPPCVSL434_LT","26",3.22026642849519,2.86593504313
"832","spore","MB_WorstPPCVSL434_LT","27",3.37443511429178,2.88031835406907
"833","spore","MB_WorstPPCVSL434_LT","28",3.51957717942868,2.88898145604476
"834","spore","MB_WorstPPCVSL434_LT","29",3.65295831269686,2.88884190007865
"835","spore","MB_WorstPPCVSL434_LT","30",3.78477291730171,2.88912697337941
"836","spore","MB_WorstPPCVSL434_LT","31",3.91117125683515,2.88846905659894
"837","spore","MB_WorstPPCVSL434_LT","32",4.03084370759869,2.88425600796262
"838","spore","MB_WorstPPCVSL434_LT","33",4.13881157899714,2.87528784004356
"839","spore","MB_WorstPPCVSL434_LT","34",4.23791873859184,2.86297002941745
"840","spore","MB_WorstPPCVSL434_LT","35",4.33352635143379,2.85090178241978
"841","spore","NB_BestPPCVSL436_CT","1",-0.615212915937844,0.892384200149431
"842","spore","NB_BestPPCVSL436_CT","2",-0.586108018386291,0.907842840005964
"843","spore","NB_BestPPCVSL436_CT","3",-0.519071632081733,0.950836577471895
"844","spore","NB_BestPPCVSL436_CT","4",-0.421896653752795,1.02870017680245
"845","spore","NB_BestPPCVSL436_CT","5",-0.306609369377764,1.14384766615498
"846","spore","NB_BestPPCVSL436_CT","6",-0.174962324298395,1.28263004435209
"847","spore","NB_BestPPCVSL436_CT","7",-0.0301476255535316,1.40518400393132
"848","spore","NB_BestPPCVSL436_CT","8",0.127631259718409,1.52586366829081
"849","spore","NB_BestPPCVSL436_CT","9",0.296909010841084,1.64821188089569
"850","spore","NB_BestPPCVSL436_CT","10",0.47489025904395,1.76691791400705
"851","spore","NB_BestPPCVSL436_CT","11",0.660686293983414,1.87644708923513
"852","spore","NB_BestPPCVSL436_CT","12",0.847637547887678,1.97596511932452
"853","spore","NB_BestPPCVSL436_CT","13",1.03624838895483,2.07073451870316
"854","spore","NB_BestPPCVSL436_CT","14",1.22863979677987,2.16552385324526
"855","spore","NB_BestPPCVSL436_CT","15",1.42096794148621,2.25327298383937
"856","spore","NB_BestPPCVSL436_CT","16",1.61146218302382,2.33243228446749
"857","spore","NB_BestPPCVSL436_CT","17",1.79721009829384,2.40153082754428
"858","spore","NB_BestPPCVSL436_CT","18",1.97479878234617,2.45703448524715
"859","spore","NB_BestPPCVSL436_CT","19",2.14609482026838,2.50723379787082
"860","spore","NB_BestPPCVSL436_CT","20",2.31121784146501,2.55088254531229
"861","spore","NB_BestPPCVSL436_CT","21",2.47097300837765,2.58622692410282
"862","spore","NB_BestPPCVSL436_CT","22",2.62630360136428,2.6176987406429
"863","spore","NB_BestPPCVSL436_CT","23",2.77824938785066,2.6448537765139
"864","spore","NB_BestPPCVSL436_CT","24",2.92522844224489,2.66721487630327
"865","spore","NB_BestPPCVSL436_CT","25",3.06817761824234,2.68521434755064
"866","spore","NB_BestPPCVSL436_CT","26",3.20714893174026,2.70168145400595
"867","spore","NB_BestPPCVSL436_CT","27",3.34161229311961,2.71713881307874
"868","spore","NB_BestPPCVSL436_CT","28",3.47261321866666,2.7292567927635
"869","spore","NB_BestPPCVSL436_CT","29",3.59597517603179,2.73503358128359
"870","spore","NB_BestPPCVSL436_CT","30",3.71348343802811,2.73732058252462
"871","spore","NB_BestPPCVSL436_CT","31",3.82513044424575,2.7364730365872
"872","spore","NB_BestPPCVSL436_CT","32",3.93060438821411,2.73297996763816
"873","spore","NB_BestPPCVSL436_CT","33",4.02893986885541,2.72599545794439
"874","spore","NB_BestPPCVSL436_CT","34",4.12018646864128,2.71693468527584
"875","spore","NB_BestPPCVSL436_CT","35",4.20624005124361,2.70608201557247
"876","spore","NB_BestPPCVSL436_LT","1",-0.615212915937844,0.892384200149431
"877","spore","NB_BestPPCVSL436_LT","2",-0.586108018386291,0.907842840005964
"878","spore","NB_BestPPCVSL436_LT","3",-0.519071632081733,0.950836577471895
"879","spore","NB_BestPPCVSL436_LT","4",-0.421896653752795,1.02870017680245
"880","spore","NB_BestPPCVSL436_LT","5",-0.306609369377764,1.14384766615498
"881","spore","NB_BestPPCVSL436_LT","6",-0.174962324298395,1.28263004435209
"882","spore","NB_BestPPCVSL436_LT","7",-0.0301476255535316,1.40518400393132
"883","spore","NB_BestPPCVSL436_LT","8",0.127631259718409,1.52586366829081
"884","spore","NB_BestPPCVSL436_LT","9",0.296909010841084,1.64821188089569
"885","spore","NB_BestPPCVSL436_LT","10",0.47489025904395,1.76691791400705
"886","spore","NB_BestPPCVSL436_LT","11",0.660686293983414,1.87644708923513
"887","spore","NB_BestPPCVSL436_LT","12",0.847637547887678,1.97596511932452
"888","spore","NB_BestPPCVSL436_LT","13",1.03624838895483,2.07073451870316
"889","spore","NB_BestPPCVSL436_LT","14",1.22863979677987,2.16552385324526
"890","spore","NB_BestPPCVSL436_LT","15",1.42096794148621,2.25327298383937
"891","spore","NB_BestPPCVSL436_LT","16",1.61146218302382,2.33243228446749
"892","spore","NB_BestPPCVSL436_LT","17",1.79721009829384,2.40153082754428
"893","spore","NB_BestPPCVSL436_LT","18",1.97479878234617,2.45703448524715
"894","spore","NB_BestPPCVSL436_LT","19",2.14609482026838,2.50723379787082
"895","spore","NB_BestPPCVSL436_LT","20",2.31121784146501,2.55088254531229
"896","spore","NB_BestPPCVSL436_LT","21",2.47097300837765,2.58622692410282
"897","spore","NB_BestPPCVSL436_LT","22",2.62630360136428,2.6176987406429
"898","spore","NB_BestPPCVSL436_LT","23",2.77824938785066,2.6448537765139
"899","spore","NB_BestPPCVSL436_LT","24",2.92522844224489,2.66721487630327
"900","spore","NB_BestPPCVSL436_LT","25",3.06817761824234,2.68521434755064
"901","spore","NB_BestPPCVSL436_LT","26",3.20714893174026,2.70168145400595
"902","spore","NB_BestPPCVSL436_LT","27",3.34161229311961,2.71713881307874
"903","spore","NB_BestPPCVSL436_LT","28",3.47261321866666,2.7292567927635
"904","spore","NB_BestPPCVSL436_LT","29",3.59597517603179,2.73503358128359
"905","spore","NB_BestPPCVSL436_LT","30",3.71348343802811,2.73732058252462
"906","spore","NB_BestPPCVSL436_LT","31",3.82513044424575,2.7364730365872
"907","spore","NB_BestPPCVSL436_LT","32",3.93060438821411,2.73297996763816
"908","spore","NB_BestPPCVSL436_LT","33",4.02893986885541,2.72599545794439
"909","spore","NB_BestPPCVSL436_LT","34",4.12018646864128,2.71693468527584
"910","spore","NB_BestPPCVSL436_LT","35",4.20624005124361,2.70608201557247
"911","spore","NB_MeanSpoilType_CT","1",-0.62271299170498,0.919098466823506
"912","spore","NB_MeanSpoilType_CT","2",-0.570452790034144,0.918578351406785
"913","spore","NB_MeanSpoilType_CT","3",-0.444627757110396,0.934089597286752
"914","spore","NB_MeanSpoilType_CT","4",-0.301880844029631,0.983757633470673
"915","spore","NB_MeanSpoilType_CT","5",-0.100214791368255,1.04802052472179
"916","spore","NB_MeanSpoilType_CT","6",0.236385262429407,1.09499892174446
"917","spore","NB_MeanSpoilType_CT","7",0.604221449254611,1.16829441834847
"918","spore","NB_MeanSpoilType_CT","8",0.972057636079814,1.27441179632955
"919","spore","NB_MeanSpoilType_CT","9",1.37335166368978,1.3632604272098
"920","spore","NB_MeanSpoilType_CT","10",1.78513213894434,1.45972669388307
"921","spore","NB_MeanSpoilType_CT","11",2.20369361382718,1.56130107644553
"922","spore","NB_MeanSpoilType_CT","12",2.63040908871219,1.65866408995854
"923","spore","NB_MeanSpoilType_CT","13",3.0503945773012,1.75515174559062
"924","spore","NB_MeanSpoilType_CT","14",3.46032039005908,1.84945968030945
"925","spore","NB_MeanSpoilType_CT","15",3.88424723165087,1.8516958346938
"926","spore","NB_MeanSpoilType_CT","16",4.29313824736528,1.77188491683964
"927","spore","NB_MeanSpoilType_CT","17",4.65337720509414,1.66597699372949
"928","spore","NB_MeanSpoilType_CT","18",4.97347485785361,1.55002852794644
"929","spore","NB_MeanSpoilType_CT","19",5.26487485913215,1.43526700123437
"930","spore","NB_MeanSpoilType_CT","20",5.53157827566968,1.32832012686026
"931","spore","NB_MeanSpoilType_CT","21",5.76662692257653,1.22607822544992
"932","spore","NB_MeanSpoilType_CT","22",5.95833699713087,1.11879368980128
"933","spore","NB_MeanSpoilType_CT","23",6.11108031697912,1.01102435729283
"934","spore","NB_MeanSpoilType_CT","24",6.23164724944373,0.912069461835662
"935","spore","NB_MeanSpoilType_CT","25",6.32210754457962,0.821078313411497
"936","spore","NB_MeanSpoilType_CT","26",6.39920455229256,0.75006062014863
"937","spore","NB_MeanSpoilType_CT","27",6.46443214909521,0.703126263152858
"938","spore","NB_MeanSpoilType_CT","28",6.52127422108589,0.684826185577806
"939","spore","NB_MeanSpoilType_CT","29",6.56932931423229,0.690628973481669
"940","spore","NB_MeanSpoilType_CT","30",6.60206923941649,0.700127733287944
"941","spore","NB_MeanSpoilType_CT","31",6.62453256316603,0.712623897740868
"942","spore","NB_MeanSpoilType_CT","32",6.63462782614573,0.718016288621345
"943","spore","NB_MeanSpoilType_CT","33",6.63992599725086,0.721425192105099
"944","spore","NB_MeanSpoilType_CT","34",6.64245371257714,0.723369868075142
"945","spore","NB_MeanSpoilType_CT","35",6.64371744680851,0.724965698147346
"946","spore","NB_MeanSpoilType_LT","1",-0.618320362184278,0.919206981766702
"947","spore","NB_MeanSpoilType_LT","2",-0.58386669143669,0.937832752688107
"948","spore","NB_MeanSpoilType_LT","3",-0.513169109833503,0.986717521626358
"949","spore","NB_MeanSpoilType_LT","4",-0.410031072363112,1.0672020321287
"950","spore","NB_MeanSpoilType_LT","5",-0.284871492347421,1.18410829455248
"951","spore","NB_MeanSpoilType_LT","6",-0.144199296328352,1.32532410365119
"952","spore","NB_MeanSpoilType_LT","7",0.010253444885733,1.45529604781991
"953","spore","NB_MeanSpoilType_LT","8",0.17741986948043,1.59107160743181
"954","spore","NB_MeanSpoilType_LT","9",0.356619963335196,1.73805077381631
"955","spore","NB_MeanSpoilType_LT","10",0.540649959253904,1.86965534353846
"956","spore","NB_MeanSpoilType_LT","11",0.732249984026479,1.98139815077558
"957","spore","NB_MeanSpoilType_LT","12",0.920880131207313,2.07045894128248
"958","spore","NB_MeanSpoilType_LT","13",1.10706273495003,2.14955095114482
"959","spore","NB_MeanSpoilType_LT","14",1.29790931699454,2.2333084669127
"960","spore","NB_MeanSpoilType_LT","15",1.48951753234603,2.31397002554329
"961","spore","NB_MeanSpoilType_LT","16",1.67991674475515,2.39026056010083
"962","spore","NB_MeanSpoilType_LT","17",1.86689040564996,2.45855230659637
"963","spore","NB_MeanSpoilType_LT","18",2.04637587799406,2.51517531012409
"964","spore","NB_MeanSpoilType_LT","19",2.21974412689718,2.56928638222726
"965","spore","NB_MeanSpoilType_LT","20",2.38582139438648,2.6140440419754
"966","spore","NB_MeanSpoilType_LT","21",2.54237453700585,2.64367739729105
"967","spore","NB_MeanSpoilType_LT","22",2.69285338716773,2.66980119333525
"968","spore","NB_MeanSpoilType_LT","23",2.83998376840829,2.6913930137437
"969","spore","NB_MeanSpoilType_LT","24",2.98348108109145,2.71262937655444
"970","spore","NB_MeanSpoilType_LT","25",3.12498069935154,2.73176134061401
"971","spore","NB_MeanSpoilType_LT","26",3.26208810613159,2.74702650028096
"972","spore","NB_MeanSpoilType_LT","27",3.39631031846048,2.76207068906313
"973","spore","NB_MeanSpoilType_LT","28",3.52679889222658,2.77033695879204
"974","spore","NB_MeanSpoilType_LT","29",3.6476403167832,2.76919706688808
"975","spore","NB_MeanSpoilType_LT","30",3.76150485313323,2.764401911356
"976","spore","NB_MeanSpoilType_LT","31",3.87042782817415,2.75891079424375
"977","spore","NB_MeanSpoilType_LT","32",3.97266054600211,2.74970435265953
"978","spore","NB_MeanSpoilType_LT","33",4.06907900172206,2.73692182374869
"979","spore","NB_MeanSpoilType_LT","34",4.1591776154711,2.72330954816389
"980","spore","NB_MeanSpoilType_LT","35",4.24511268928024,2.70995535759497
"981","spore","NB_WorstPPCVSL434_CT","1",-0.618506640147161,0.887581704146583
"982","spore","NB_WorstPPCVSL434_CT","2",-0.561218489044436,0.888593874426298
"983","spore","NB_WorstPPCVSL434_CT","3",-0.405989317517039,0.910755162941818
"984","spore","NB_WorstPPCVSL434_CT","4",-0.227022985594385,0.978162562973744
"985","spore","NB_WorstPPCVSL434_CT","5",0.0287015430953317,1.05934827602167
"986","spore","NB_WorstPPCVSL434_CT","6",0.408579631560711,1.11067254079216
"987","spore","NB_WorstPPCVSL434_CT","7",0.817198267822331,1.17886666053964
"988","spore","NB_WorstPPCVSL434_CT","8",1.22581690408395,1.27479743120486
"989","spore","NB_WorstPPCVSL434_CT","9",1.66399415908399,1.34795665436596
"990","spore","NB_WorstPPCVSL434_CT","10",2.11143575692794,1.42411925419725
"991","spore","NB_WorstPPCVSL434_CT","11",2.56140677526814,1.51125996227182
"992","spore","NB_WorstPPCVSL434_CT","12",3.0111162505832,1.59520771628238
"993","spore","NB_WorstPPCVSL434_CT","13",3.44734412593725,1.65852089998378
"994","spore","NB_WorstPPCVSL434_CT","14",3.86093726453059,1.69406862639865
"995","spore","NB_WorstPPCVSL434_CT","15",4.26259144818061,1.64926669222291
"996","spore","NB_WorstPPCVSL434_CT","16",4.65047275128328,1.56226292135524
"997","spore","NB_WorstPPCVSL434_CT","17",4.99749893709513,1.46305935167507
"998","spore","NB_WorstPPCVSL434_CT","18",5.28953223519135,1.34851199327437
"999","spore","NB_WorstPPCVSL434_CT","19",5.55199990882219,1.23581189090453
"1000","spore","NB_WorstPPCVSL434_CT","20",5.79743609195355,1.13991867999932
"1001","spore","NB_WorstPPCVSL434_CT","21",6.01645444292185,1.05785372183384
"1002","spore","NB_WorstPPCVSL434_CT","22",6.19186576033075,0.97972890904727
"1003","spore","NB_WorstPPCVSL434_CT","23",6.32567059726002,0.901849383928058
"1004","spore","NB_WorstPPCVSL434_CT","24",6.42077278327894,0.831137131153209
"1005","spore","NB_WorstPPCVSL434_CT","25",6.48637484694881,0.769244706129785
"1006","spore","NB_WorstPPCVSL434_CT","26",6.53451909813511,0.718848227158957
"1007","spore","NB_WorstPPCVSL434_CT","27",6.57310826347961,0.688033925081788
"1008","spore","NB_WorstPPCVSL434_CT","28",6.60608288412143,0.679592211610078
"1009","spore","NB_WorstPPCVSL434_CT","29",6.63490633764717,0.688578802448145
"1010","spore","NB_WorstPPCVSL434_CT","30",6.65213073015267,0.696239973041635
"1011","spore","NB_WorstPPCVSL434_CT","31",6.66473060903421,0.707790351435306
"1012","spore","NB_WorstPPCVSL434_CT","32",6.66851714285714,0.712812956279038
"1013","spore","NB_WorstPPCVSL434_CT","33",6.66851714285714,0.712812956279038
"1014","spore","NB_WorstPPCVSL434_CT","34",6.66851714285714,0.712812956279038
"1015","spore","NB_WorstPPCVSL434_CT","35",6.66851714285714,0.712812956279038
"1016","spore","NB_WorstPPCVSL434_LT","1",-0.61546840914236,0.888898532480075
"1017","spore","NB_WorstPPCVSL434_LT","2",-0.57003984769831,0.903800210763198
"1018","spore","NB_WorstPPCVSL434_LT","3",-0.475218216664978,0.94872879298199
"1019","spore","NB_WorstPPCVSL434_LT","4",-0.345817175008147,1.03184846447444
"1020","spore","NB_WorstPPCVSL434_LT","5",-0.195632757737007,1.1696792589512
"1021","spore","NB_WorstPPCVSL434_LT","6",-0.0240794441442638,1.35056115459996
"1022","spore","NB_WorstPPCVSL434_LT","7",0.15484661906581,1.49017917112878
"1023","spore","NB_WorstPPCVSL434_LT","8",0.345666622258515,1.6021300817736
"1024","spore","NB_WorstPPCVSL434_LT","9",0.550643245954526,1.710973118833
"1025","spore","NB_WorstPPCVSL434_LT","10",0.767664845345171,1.82401198072807
"1026","spore","NB_WorstPPCVSL434_LT","11",0.992141370518507,1.92743461562161
"1027","spore","NB_WorstPPCVSL434_LT","12",1.22021475338718,2.03030733557263
"1028","spore","NB_WorstPPCVSL434_LT","13",1.45888851115205,2.12324501283023
"1029","spore","NB_WorstPPCVSL434_LT","14",1.69683515405528,2.21353989859588
"1030","spore","NB_WorstPPCVSL434_LT","15",1.92875836796224,2.30024409859577
"1031","spore","NB_WorstPPCVSL434_LT","16",2.14575763813425,2.36066290399919
"1032","spore","NB_WorstPPCVSL434_LT","17",2.3552214617784,2.40928130465866
"1033","spore","NB_WorstPPCVSL434_LT","18",2.55608468265959,2.44831733672462
"1034","spore","NB_WorstPPCVSL434_LT","19",2.74473805634676,2.47569209426157
"1035","spore","NB_WorstPPCVSL434_LT","20",2.92465132223472,2.50016558832339
"1036","spore","NB_WorstPPCVSL434_LT","21",3.09929212716987,2.52309563351196
"1037","spore","NB_WorstPPCVSL434_LT","22",3.27297959673912,2.54844940833628
"1038","spore","NB_WorstPPCVSL434_LT","23",3.44123154429439,2.57353607568288
"1039","spore","NB_WorstPPCVSL434_LT","24",3.59935870868653,2.59322270907298
"1040","spore","NB_WorstPPCVSL434_LT","25",3.74742923358329,2.60245222325994
"1041","spore","NB_WorstPPCVSL434_LT","26",3.89151057402154,2.61268082244036
"1042","spore","NB_WorstPPCVSL434_LT","27",4.02379247080283,2.61497807345313
"1043","spore","NB_WorstPPCVSL434_LT","28",4.1487747871969,2.61439626241474
"1044","spore","NB_WorstPPCVSL434_LT","29",4.26485859382361,2.60927324304959
"1045","spore","NB_WorstPPCVSL434_LT","30",4.3730748720392,2.60040636839827
"1046","spore","NB_WorstPPCVSL434_LT","31",4.47283629301268,2.58877233420565
"1047","spore","NB_WorstPPCVSL434_LT","32",4.56678235094298,2.5759181615612
"1048","spore","NB_WorstPPCVSL434_LT","33",4.65403894034756,2.56303156466747
"1049","spore","NB_WorstPPCVSL434_LT","34",4.73158247128682,2.54745675643869
"1050","spore","NB_WorstPPCVSL434_LT","35",4.80800426595229,2.53386586845614
"1051","spore","TB_BestPPCVSL436_CT","1",-1.91521291593784,0.892384200149431
"1052","spore","TB_BestPPCVSL436_CT","2",-1.88610801838629,0.907842840005964
"1053","spore","TB_BestPPCVSL436_CT","3",-1.81907163208173,0.950836577471895
"1054","spore","TB_BestPPCVSL436_CT","4",-1.72189665375279,1.02870017680245
"1055","spore","TB_BestPPCVSL436_CT","5",-1.60660936937776,1.14384766615498
"1056","spore","TB_BestPPCVSL436_CT","6",-1.47395866874979,1.2877626877221
"1057","spore","TB_BestPPCVSL436_CT","7",-1.32244513628164,1.4441635158922
"1058","spore","TB_BestPPCVSL436_CT","8",-1.1606339290488,1.57884354903258
"1059","spore","TB_BestPPCVSL436_CT","9",-0.987919011620383,1.7099573886784
"1060","spore","TB_BestPPCVSL436_CT","10",-0.804774561929304,1.84111168356358
"1061","spore","TB_BestPPCVSL436_CT","11",-0.611834819196963,1.96696624127647
"1062","spore","TB_BestPPCVSL436_CT","12",-0.415461459197886,2.08681700717185
"1063","spore","TB_BestPPCVSL436_CT","13",-0.217269727644249,2.20018254677496
"1064","spore","TB_BestPPCVSL436_CT","14",-0.0187198766212652,2.30128656151077
"1065","spore","TB_BestPPCVSL436_CT","15",0.182515448406989,2.39925163845808
"1066","spore","TB_BestPPCVSL436_CT","16",0.385257501132913,2.49558203656929
"1067","spore","TB_BestPPCVSL436_CT","17",0.585772198294527,2.58554330548062
"1068","spore","TB_BestPPCVSL436_CT","18",0.784489307213145,2.67211230480098
"1069","spore","TB_BestPPCVSL436_CT","19",0.976641850775969,2.74785124950179
"1070","spore","TB_BestPPCVSL436_CT","20",1.16152041085702,2.81142036431637
"1071","spore","TB_BestPPCVSL436_CT","21",1.34254629923952,2.86714459522335
"1072","spore","TB_BestPPCVSL436_CT","22",1.5165587225389,2.91339105309159
"1073","spore","TB_BestPPCVSL436_CT","23",1.68698853034832,2.95362102255939
"1074","spore","TB_BestPPCVSL436_CT","24",1.8521802198537,2.98683460917143
"1075","spore","TB_BestPPCVSL436_CT","25",2.01400671286529,3.01562874349631
"1076","spore","TB_BestPPCVSL436_CT","26",2.17217574024176,3.04258428861458
"1077","spore","TB_BestPPCVSL436_CT","27",2.32431011817258,3.06573694028403
"1078","spore","TB_BestPPCVSL436_CT","28",2.47326821520735,3.08406162714757
"1079","spore","TB_BestPPCVSL436_CT","29",2.61788179124361,3.09896326901932
"1080","spore","TB_BestPPCVSL436_CT","30",2.75900997568695,3.11259692091752
"1081","spore","TB_BestPPCVSL436_CT","31",2.89742387862498,3.12654850008463
"1082","spore","TB_BestPPCVSL436_CT","32",3.02936980717724,3.13610676428704
"1083","spore","TB_BestPPCVSL436_CT","33",3.15420478846307,3.13998003514904
"1084","spore","TB_BestPPCVSL436_CT","34",3.27301112825273,3.14092250677239
"1085","spore","TB_BestPPCVSL436_CT","35",3.38643918758439,3.13962600377748
"1086","spore","TB_BestPPCVSL436_LT","1",-1.91521291593784,0.892384200149431
"1087","spore","TB_BestPPCVSL436_LT","2",-1.88610801838629,0.907842840005964
"1088","spore","TB_BestPPCVSL436_LT","3",-1.81907163208173,0.950836577471895
"1089","spore","TB_BestPPCVSL436_LT","4",-1.72189665375279,1.02870017680245
"1090","spore","TB_BestPPCVSL436_LT","5",-1.60660936937776,1.14384766615498
"1091","spore","TB_BestPPCVSL436_LT","6",-1.47395866874979,1.2877626877221
"1092","spore","TB_BestPPCVSL436_LT","7",-1.32244513628164,1.4441635158922
"1093","spore","TB_BestPPCVSL436_LT","8",-1.1606339290488,1.57884354903258
"1094","spore","TB_BestPPCVSL436_LT","9",-0.987919011620383,1.7099573886784
"1095","spore","TB_BestPPCVSL436_LT","10",-0.804774561929304,1.84111168356358
"1096","spore","TB_BestPPCVSL436_LT","11",-0.611834819196963,1.96696624127647
"1097","spore","TB_BestPPCVSL436_LT","12",-0.415461459197886,2.08681700717185
"1098","spore","TB_BestPPCVSL436_LT","13",-0.217269727644249,2.20018254677496
"1099","spore","TB_BestPPCVSL436_LT","14",-0.0187198766212652,2.30128656151077
"1100","spore","TB_BestPPCVSL436_LT","15",0.182515448406989,2.39925163845808
"1101","spore","TB_BestPPCVSL436_LT","16",0.385257501132913,2.49558203656929
"1102","spore","TB_BestPPCVSL436_LT","17",0.585772198294527,2.58554330548062
"1103","spore","TB_BestPPCVSL436_LT","18",0.784489307213145,2.67211230480098
"1104","spore","TB_BestPPCVSL436_LT","19",0.976641850775969,2.74785124950179
"1105","spore","TB_BestPPCVSL436_LT","20",1.16152041085702,2.81142036431637
"1106","spore","TB_BestPPCVSL436_LT","21",1.34254629923952,2.86714459522335
"1107","spore","TB_BestPPCVSL436_LT","22",1.5165587225389,2.91339105309159
"1108","spore","TB_BestPPCVSL436_LT","23",1.68698853034832,2.95362102255939
"1109","spore","TB_BestPPCVSL436_LT","24",1.8521802198537,2.98683460917143
"1110","spore","TB_BestPPCVSL436_LT","25",2.01400671286529,3.01562874349631
"1111","spore","TB_BestPPCVSL436_LT","26",2.17217574024176,3.04258428861458
"1112","spore","TB_BestPPCVSL436_LT","27",2.32431011817258,3.06573694028403
"1113","spore","TB_BestPPCVSL436_LT","28",2.47326821520735,3.08406162714757
"1114","spore","TB_BestPPCVSL436_LT","29",2.61788179124361,3.09896326901932
"1115","spore","TB_BestPPCVSL436_LT","30",2.75900997568695,3.11259692091752
"1116","spore","TB_BestPPCVSL436_LT","31",2.89742387862498,3.12654850008463
"1117","spore","TB_BestPPCVSL436_LT","32",3.02936980717724,3.13610676428704
"1118","spore","TB_BestPPCVSL436_LT","33",3.15420478846307,3.13998003514904
"1119","spore","TB_BestPPCVSL436_LT","34",3.27301112825273,3.14092250677239
"1120","spore","TB_BestPPCVSL436_LT","35",3.38643918758439,3.13962600377748
"1121","spore","TB_MeanSpoilType_CT","1",-1.92271299170498,0.919098466823506
"1122","spore","TB_MeanSpoilType_CT","2",-1.87045279003414,0.918578351406785
"1123","spore","TB_MeanSpoilType_CT","3",-1.7446277571104,0.934089597286752
"1124","spore","TB_MeanSpoilType_CT","4",-1.60188084402963,0.983757633470673
"1125","spore","TB_MeanSpoilType_CT","5",-1.40021479136826,1.04802052472179
"1126","spore","TB_MeanSpoilType_CT","6",-1.06361473757059,1.09499892174446
"1127","spore","TB_MeanSpoilType_CT","7",-0.69577855074539,1.16829441834847
"1128","spore","TB_MeanSpoilType_CT","8",-0.327942363920186,1.27441179632955
"1129","spore","TB_MeanSpoilType_CT","9",0.0733516636897847,1.3632604272098
"1130","spore","TB_MeanSpoilType_CT","10",0.48513213894434,1.45972669388307
"1131","spore","TB_MeanSpoilType_CT","11",0.90369361382718,1.56130107644553
"1132","spore","TB_MeanSpoilType_CT","12",1.33170710693642,1.66261036314081
"1133","spore","TB_MeanSpoilType_CT","13",1.75961982680615,1.77835225216133
"1134","spore","TB_MeanSpoilType_CT","14",2.18567920494686,1.90083602909309
"1135","spore","TB_MeanSpoilType_CT","15",2.64096542292368,1.94178996344421
"1136","spore","TB_MeanSpoilType_CT","16",3.11140909759942,1.9215859316334
"1137","spore","TB_MeanSpoilType_CT","17",3.56332306578217,1.88270932814003
"1138","spore","TB_MeanSpoilType_CT","18",3.98551026919941,1.81999096867343
"1139","spore","TB_MeanSpoilType_CT","19",4.35753661970602,1.72199273170934
"1140","spore","TB_MeanSpoilType_CT","20",4.68777707133292,1.60618471107502
"1141","spore","TB_MeanSpoilType_CT","21",4.98702826437718,1.4856280586402
"1142","spore","TB_MeanSpoilType_CT","22",5.26865548468886,1.37260768327413
"1143","spore","TB_MeanSpoilType_CT","23",5.52661633917984,1.26501256911206
"1144","spore","TB_MeanSpoilType_CT","24",5.75998720300854,1.16292873861496
"1145","spore","TB_MeanSpoilType_CT","25",5.95683709015528,1.0580132158335
"1146","spore","TB_MeanSpoilType_CT","26",6.11839271809273,0.954324741190562
"1147","spore","TB_MeanSpoilType_CT","27",6.24839164476328,0.862233231356556
"1148","spore","TB_MeanSpoilType_CT","28",6.34722019426062,0.781588993389904
"1149","spore","TB_MeanSpoilType_CT","29",6.4251963739431,0.722874839563
"1150","spore","TB_MeanSpoilType_CT","30",6.49164236175364,0.690072147351763
"1151","spore","TB_MeanSpoilType_CT","31",6.54802948543159,0.686072802040229
"1152","spore","TB_MeanSpoilType_CT","32",6.58937461932395,0.696386346145463
"1153","spore","TB_MeanSpoilType_CT","33",6.61561324697763,0.706953098942542
"1154","spore","TB_MeanSpoilType_CT","34",6.63135422542801,0.716693333211012
"1155","spore","TB_MeanSpoilType_CT","35",6.63820427301394,0.720408332618065
"1156","spore","TB_MeanSpoilType_LT","1",-1.91832036218428,0.919206981766702
"1157","spore","TB_MeanSpoilType_LT","2",-1.88386669143669,0.937832752688107
"1158","spore","TB_MeanSpoilType_LT","3",-1.8131691098335,0.986717521626358
"1159","spore","TB_MeanSpoilType_LT","4",-1.71003107236311,1.0672020321287
"1160","spore","TB_MeanSpoilType_LT","5",-1.58487149234742,1.18410829455248
"1161","spore","TB_MeanSpoilType_LT","6",-1.44341862142022,1.3293521947331
"1162","spore","TB_MeanSpoilType_LT","7",-1.28254980971066,1.49290198510797
"1163","spore","TB_MeanSpoilType_LT","8",-1.11181165113396,1.63995391116227
"1164","spore","TB_MeanSpoilType_LT","9",-0.931496521026303,1.78555631517405
"1165","spore","TB_MeanSpoilType_LT","10",-0.738869722768376,1.94047999544944
"1166","spore","TB_MeanSpoilType_LT","11",-0.536253801934967,2.07935175278814
"1167","spore","TB_MeanSpoilType_LT","12",-0.332465235084206,2.20336768645712
"1168","spore","TB_MeanSpoilType_LT","13",-0.130025484773311,2.3167808435417
"1169","spore","TB_MeanSpoilType_LT","14",0.0661810248625135,2.40270465790985
"1170","spore","TB_MeanSpoilType_LT","15",0.264083810192157,2.48510403772947
"1171","spore","TB_MeanSpoilType_LT","16",0.464962477650496,2.57140069893662
"1172","spore","TB_MeanSpoilType_LT","17",0.666706911529721,2.65612401012066
"1173","spore","TB_MeanSpoilType_LT","18",0.86853608484303,2.74152964554943
"1174","spore","TB_MeanSpoilType_LT","19",1.06456148454437,2.82175840087432
"1175","spore","TB_MeanSpoilType_LT","20",1.25065237976821,2.88473915599775
"1176","spore","TB_MeanSpoilType_LT","21",1.43410212069896,2.94124789489221
"1177","spore","TB_MeanSpoilType_LT","22",1.61024191895908,2.99133147577622
"1178","spore","TB_MeanSpoilType_LT","23",1.78165121173632,3.03384099068454
"1179","spore","TB_MeanSpoilType_LT","24",1.94170738892491,3.06261296714371
"1180","spore","TB_MeanSpoilType_LT","25",2.0975796934258,3.08502220341019
"1181","spore","TB_MeanSpoilType_LT","26",2.25086630772829,3.10559106437949
"1182","spore","TB_MeanSpoilType_LT","27",2.40071011641295,3.12483722145411
"1183","spore","TB_MeanSpoilType_LT","28",2.54912662869866,3.13736844564203
"1184","spore","TB_MeanSpoilType_LT","29",2.6949920227106,3.1480683199662
"1185","spore","TB_MeanSpoilType_LT","30",2.83764782928501,3.15916435845042
"1186","spore","TB_MeanSpoilType_LT","31",2.97601996273139,3.17056950252796
"1187","spore","TB_MeanSpoilType_LT","32",3.10582560890128,3.17495891920407
"1188","spore","TB_MeanSpoilType_LT","33",3.22688608892667,3.17106768720796
"1189","spore","TB_MeanSpoilType_LT","34",3.34333330524297,3.16691947364457
"1190","spore","TB_MeanSpoilType_LT","35",3.45386208930753,3.16011170028989
"1191","spore","TB_WorstPPCVSL434_CT","1",-1.91850664014716,0.887581704146583
"1192","spore","TB_WorstPPCVSL434_CT","2",-1.86121848904444,0.888593874426298
"1193","spore","TB_WorstPPCVSL434_CT","3",-1.70598931751704,0.910755162941818
"1194","spore","TB_WorstPPCVSL434_CT","4",-1.52702298559439,0.978162562973744
"1195","spore","TB_WorstPPCVSL434_CT","5",-1.27129845690467,1.05934827602167
"1196","spore","TB_WorstPPCVSL434_CT","6",-0.891420368439289,1.11067254079216
"1197","spore","TB_WorstPPCVSL434_CT","7",-0.482801732177669,1.17886666053964
"1198","spore","TB_WorstPPCVSL434_CT","8",-0.0741830959160485,1.27479743120486
"1199","spore","TB_WorstPPCVSL434_CT","9",0.363994159083993,1.34795665436596
"1200","spore","TB_WorstPPCVSL434_CT","10",0.811435756927936,1.42411925419725
"1201","spore","TB_WorstPPCVSL434_CT","11",1.26140677526814,1.51125996227182
"1202","spore","TB_WorstPPCVSL434_CT","12",1.71490354643883,1.60620804516775
"1203","spore","TB_WorstPPCVSL434_CT","13",2.16840031760952,1.71174170004037
"1204","spore","TB_WorstPPCVSL434_CT","14",2.61686272353629,1.81181758822293
"1205","spore","TB_WorstPPCVSL434_CT","15",3.06835500779503,1.83784916268801
"1206","spore","TB_WorstPPCVSL434_CT","16",3.50914975364185,1.79642810215071
"1207","spore","TB_WorstPPCVSL434_CT","17",3.92608168109547,1.72658660395517
"1208","spore","TB_WorstPPCVSL434_CT","18",4.3241844172254,1.65167588823009
"1209","spore","TB_WorstPPCVSL434_CT","19",4.68158725220089,1.55621412585024
"1210","spore","TB_WorstPPCVSL434_CT","20",4.9847712369534,1.43488750879019
"1211","spore","TB_WorstPPCVSL434_CT","21",5.25797516670065,1.31278174456006
"1212","spore","TB_WorstPPCVSL434_CT","22",5.51797413850124,1.20149524830764
"1213","spore","TB_WorstPPCVSL434_CT","23",5.76602121431964,1.10760692877197
"1214","spore","TB_WorstPPCVSL434_CT","24",5.99358072707421,1.02989059432554
"1215","spore","TB_WorstPPCVSL434_CT","25",6.17797393857071,0.954390574699589
"1216","spore","TB_WorstPPCVSL434_CT","26",6.31395894274232,0.873611457522529
"1217","spore","TB_WorstPPCVSL434_CT","27",6.42064479456893,0.804521866010334
"1218","spore","TB_WorstPPCVSL434_CT","28",6.49607850253675,0.746129594138334
"1219","spore","TB_WorstPPCVSL434_CT","29",6.5456689781913,0.702458816879885
"1220","spore","TB_WorstPPCVSL434_CT","30",6.58698802363967,0.680789188656357
"1221","spore","TB_WorstPPCVSL434_CT","31",6.62253855542078,0.683095798818847
"1222","spore","TB_WorstPPCVSL434_CT","32",6.6452641470512,0.692626058532119
"1223","spore","TB_WorstPPCVSL434_CT","33",6.65958801851011,0.702315519705062
"1224","spore","TB_WorstPPCVSL434_CT","34",6.66851714285714,0.712812956279038
"1225","spore","TB_WorstPPCVSL434_CT","35",6.66851714285714,0.712812956279038
"1226","spore","TB_WorstPPCVSL434_LT","1",-1.91546840914236,0.888898532480075
"1227","spore","TB_WorstPPCVSL434_LT","2",-1.87003984769831,0.903800210763198
"1228","spore","TB_WorstPPCVSL434_LT","3",-1.77521821666498,0.94872879298199
"1229","spore","TB_WorstPPCVSL434_LT","4",-1.64581717500815,1.03184846447444
"1230","spore","TB_WorstPPCVSL434_LT","5",-1.49563275773701,1.1696792589512
"1231","spore","TB_WorstPPCVSL434_LT","6",-1.32407944414426,1.35056115459996
"1232","spore","TB_WorstPPCVSL434_LT","7",-1.13286753141849,1.54365903096075
"1233","spore","TB_WorstPPCVSL434_LT","8",-0.935761949170056,1.68044773688612
"1234","spore","TB_WorstPPCVSL434_LT","9",-0.727308716985203,1.79446922783129
"1235","spore","TB_WorstPPCVSL434_LT","10",-0.504478011797686,1.92025862028612
"1236","spore","TB_WorstPPCVSL434_LT","11",-0.272762070491952,2.03406909600339
"1237","spore","TB_WorstPPCVSL434_LT","12",-0.0360174374747367,2.1496019515859
"1238","spore","TB_WorstPPCVSL434_LT","13",0.210044799284579,2.25040115097299
"1239","spore","TB_WorstPPCVSL434_LT","14",0.45881962554489,2.35428476002298
"1240","spore","TB_WorstPPCVSL434_LT","15",0.706572091474501,2.46204311877252
"1241","spore","TB_WorstPPCVSL434_LT","16",0.944913776966189,2.55362103788729
"1242","spore","TB_WorstPPCVSL434_LT","17",1.17896422179132,2.6398471839946
"1243","spore","TB_WorstPPCVSL434_LT","18",1.40362044491498,2.71158970179368
"1244","spore","TB_WorstPPCVSL434_LT","19",1.61597275575453,2.76404140264667
"1245","spore","TB_WorstPPCVSL434_LT","20",1.82204565349751,2.81054588880935
"1246","spore","TB_WorstPPCVSL434_LT","21",2.01979526486646,2.84972895602789
"1247","spore","TB_WorstPPCVSL434_LT","22",2.20635362739349,2.87707859841407
"1248","spore","TB_WorstPPCVSL434_LT","23",2.38232409999106,2.89296589925402
"1249","spore","TB_WorstPPCVSL434_LT","24",2.55829457258863,2.91618038871509
"1250","spore","TB_WorstPPCVSL434_LT","25",2.7354427403799,2.94357979732669
"1251","spore","TB_WorstPPCVSL434_LT","26",2.90834913616045,2.9708968708305
"1252","spore","TB_WorstPPCVSL434_LT","27",3.06930230622152,2.98950183931693
"1253","spore","TB_WorstPPCVSL434_LT","28",3.22440802275304,3.00507515300576
"1254","spore","TB_WorstPPCVSL434_LT","29",3.36956806552559,3.01211293752473
"1255","spore","TB_WorstPPCVSL434_LT","30",3.50410411522205,3.01001234984246
"1256","spore","TB_WorstPPCVSL434_LT","31",3.63666031192903,3.01076412836874
"1257","spore","TB_WorstPPCVSL434_LT","32",3.76481975404163,3.00968947812953
"1258","spore","TB_WorstPPCVSL434_LT","33",3.88842885709053,3.00824008757254
"1259","spore","TB_WorstPPCVSL434_LT","34",3.99970812719087,3.00115048938303
"1260","spore","TB_WorstPPCVSL434_LT","35",4.10172487771301,2.98943352055518
